/*
SQLyog Community v13.1.6 (64 bit)
MySQL - 8.0.17 : Database - ruoyi-vue-pro
*********************************************************************
*/

/*!40101 SET NAMES utf8 */;

/*!40101 SET SQL_MODE=''*/;

/*!40014 SET @OLD_UNIQUE_CHECKS=@@UNIQUE_CHECKS, UNIQUE_CHECKS=0 */;
/*!40014 SET @OLD_FOREIGN_KEY_CHECKS=@@FOREIGN_KEY_CHECKS, FOREIGN_KEY_CHECKS=0 */;
/*!40101 SET @OLD_SQL_MODE=@@SQL_MODE, SQL_MODE='NO_AUTO_VALUE_ON_ZERO' */;
/*!40111 SET @OLD_SQL_NOTES=@@SQL_NOTES, SQL_NOTES=0 */;
CREATE DATABASE /*!32312 IF NOT EXISTS*/`ruoyi-vue-pro` /*!40100 DEFAULT CHARACTER SET utf8mb4 COLLATE utf8mb4_0900_ai_ci */ /*!80016 DEFAULT ENCRYPTION='N' */;

USE `ruoyi-vue-pro`;

/*Data for the table `bpm_form` */

insert  into `bpm_form`(`id`,`name`,`status`,`conf`,`fields`,`remark`,`creator`,`create_time`,`updater`,`update_time`,`deleted`,`tenant_id`) values 
(17,'equip-test-form',0,'{\"formRef\":\"elForm\",\"formModel\":\"formData\",\"size\":\"medium\",\"labelPosition\":\"right\",\"labelWidth\":100,\"formRules\":\"rules\",\"gutter\":15,\"disabled\":false,\"span\":24,\"formBtns\":true}','[\"{\\\"__config__\\\":{\\\"label\\\":\\\"å¼€å§‹æ—¥æœŸ\\\",\\\"tag\\\":\\\"el-date-picker\\\",\\\"tagIcon\\\":\\\"date\\\",\\\"defaultValue\\\":null,\\\"showLabel\\\":true,\\\"labelWidth\\\":null,\\\"span\\\":24,\\\"layout\\\":\\\"colFormItem\\\",\\\"required\\\":true,\\\"regList\\\":[],\\\"changeTag\\\":true,\\\"document\\\":\\\"https://element.eleme.cn/#/zh-CN/component/date-picker\\\",\\\"formId\\\":101,\\\"renderKey\\\":\\\"1011654844384941\\\"},\\\"placeholder\\\":\\\"è¯·é€‰æ‹©å¼€å§‹æ—¥æœŸ\\\",\\\"type\\\":\\\"date\\\",\\\"style\\\":{\\\"width\\\":\\\"100%\\\"},\\\"disabled\\\":false,\\\"clearable\\\":true,\\\"format\\\":\\\"yyyy-MM-dd\\\",\\\"value-format\\\":\\\"yyyy-MM-dd\\\",\\\"readonly\\\":false,\\\"__vModel__\\\":\\\"field101\\\"}\",\"{\\\"__config__\\\":{\\\"label\\\":\\\"ç»“æŸæ—¥æœŸ\\\",\\\"tag\\\":\\\"el-date-picker\\\",\\\"tagIcon\\\":\\\"date\\\",\\\"defaultValue\\\":null,\\\"showLabel\\\":true,\\\"labelWidth\\\":null,\\\"span\\\":24,\\\"layout\\\":\\\"colFormItem\\\",\\\"required\\\":true,\\\"regList\\\":[],\\\"changeTag\\\":true,\\\"document\\\":\\\"https://element.eleme.cn/#/zh-CN/component/date-picker\\\",\\\"formId\\\":102,\\\"renderKey\\\":\\\"1021654844403576\\\"},\\\"placeholder\\\":\\\"è¯·é€‰æ‹©ç»“æŸæ—¥æœŸ\\\",\\\"type\\\":\\\"date\\\",\\\"style\\\":{\\\"width\\\":\\\"100%\\\"},\\\"disabled\\\":false,\\\"clearable\\\":true,\\\"format\\\":\\\"yyyy-MM-dd\\\",\\\"value-format\\\":\\\"yyyy-MM-dd\\\",\\\"readonly\\\":false,\\\"__vModel__\\\":\\\"field102\\\"}\",\"{\\\"__config__\\\":{\\\"label\\\":\\\"ä¸‹æ‹‰é€‰æ‹©\\\",\\\"showLabel\\\":true,\\\"labelWidth\\\":null,\\\"tag\\\":\\\"el-select\\\",\\\"tagIcon\\\":\\\"select\\\",\\\"layout\\\":\\\"colFormItem\\\",\\\"span\\\":24,\\\"required\\\":true,\\\"regList\\\":[],\\\"changeTag\\\":true,\\\"document\\\":\\\"https://element.eleme.cn/#/zh-CN/component/select\\\",\\\"formId\\\":103,\\\"renderKey\\\":\\\"1031654844469680\\\"},\\\"__slot__\\\":{\\\"options\\\":[{\\\"label\\\":\\\"è®¾å¤‡\\\",\\\"value\\\":1},{\\\"label\\\":\\\"ç‰©å“\\\",\\\"value\\\":2}]},\\\"placeholder\\\":\\\"è¯·é€‰æ‹©ä¸‹æ‹‰é€‰æ‹©\\\",\\\"style\\\":{\\\"width\\\":\\\"100%\\\"},\\\"clearable\\\":true,\\\"disabled\\\":false,\\\"filterable\\\":false,\\\"multiple\\\":false,\\\"__vModel__\\\":\\\"field103\\\"}\",\"{\\\"__config__\\\":{\\\"label\\\":\\\"é¡¹ç›®æè¿°\\\",\\\"labelWidth\\\":null,\\\"showLabel\\\":true,\\\"tag\\\":\\\"el-input\\\",\\\"tagIcon\\\":\\\"textarea\\\",\\\"required\\\":true,\\\"layout\\\":\\\"colFormItem\\\",\\\"span\\\":24,\\\"regList\\\":[],\\\"changeTag\\\":true,\\\"document\\\":\\\"https://element.eleme.cn/#/zh-CN/component/input\\\",\\\"formId\\\":104,\\\"renderKey\\\":\\\"1041654846455619\\\"},\\\"type\\\":\\\"textarea\\\",\\\"placeholder\\\":\\\"è¯·è¾“å…¥é¡¹ç›®æè¿°\\\",\\\"autosize\\\":{\\\"minRows\\\":4,\\\"maxRows\\\":4},\\\"style\\\":{\\\"width\\\":\\\"100%\\\"},\\\"maxlength\\\":null,\\\"show-word-limit\\\":false,\\\"readonly\\\":false,\\\"disabled\\\":false,\\\"__vModel__\\\":\\\"field104\\\"}\"]','è´­ä¹°è®¾å¤‡','1','2022-06-10 15:36:56','1','2022-06-10 15:36:56','\0',1);

/*Data for the table `bpm_oa_leave` */

insert  into `bpm_oa_leave`(`id`,`user_id`,`type`,`reason`,`start_time`,`end_time`,`day`,`result`,`process_instance_id`,`creator`,`create_time`,`updater`,`update_time`,`deleted`,`tenant_id`) values 
(31,123,1,'è¯·å‡','2022-07-22 00:00:00','2022-07-25 00:00:00',3,4,'2cbfbde9-098f-11ed-b367-a4bb6ddb930e','123','2022-07-22 15:23:25','123','2022-07-23 14:25:07','\0',135),
(32,125,1,'å•Šå•Šå•Šå•Šå•Šå•Šå•Š','2022-07-01 00:00:00','2022-07-04 00:00:00',3,2,'762b12b0-0a57-11ed-9c19-a4bb6ddb930e','125','2022-07-23 15:17:08','121','2022-08-10 19:47:04','\0',135);

/*Data for the table `bpm_process_definition_ext` */

insert  into `bpm_process_definition_ext`(`id`,`process_definition_id`,`model_id`,`description`,`form_type`,`form_id`,`form_conf`,`form_fields`,`form_custom_create_path`,`form_custom_view_path`,`creator`,`create_time`,`updater`,`update_time`,`deleted`,`tenant_id`) values 
(104,'Equip_Reimb:1:e68c6d6d-e890-11ec-9162-a4bb6ddb930e','976f5028-e7c9-11ec-9162-a4bb6ddb930e','é‡‡è´­è®¾å¤‡æŠ¥é”€æµç¨‹',10,17,'{\"formRef\":\"elForm\",\"formModel\":\"formData\",\"size\":\"medium\",\"labelPosition\":\"right\",\"labelWidth\":100,\"formRules\":\"rules\",\"gutter\":15,\"disabled\":false,\"span\":24,\"formBtns\":true}','[\"{\\\"__config__\\\":{\\\"label\\\":\\\"å¼€å§‹æ—¥æœŸ\\\",\\\"tag\\\":\\\"el-date-picker\\\",\\\"tagIcon\\\":\\\"date\\\",\\\"defaultValue\\\":null,\\\"showLabel\\\":true,\\\"labelWidth\\\":null,\\\"span\\\":24,\\\"layout\\\":\\\"colFormItem\\\",\\\"required\\\":true,\\\"regList\\\":[],\\\"changeTag\\\":true,\\\"document\\\":\\\"https://element.eleme.cn/#/zh-CN/component/date-picker\\\",\\\"formId\\\":101,\\\"renderKey\\\":\\\"1011654844384941\\\"},\\\"placeholder\\\":\\\"è¯·é€‰æ‹©å¼€å§‹æ—¥æœŸ\\\",\\\"type\\\":\\\"date\\\",\\\"style\\\":{\\\"width\\\":\\\"100%\\\"},\\\"disabled\\\":false,\\\"clearable\\\":true,\\\"format\\\":\\\"yyyy-MM-dd\\\",\\\"value-format\\\":\\\"yyyy-MM-dd\\\",\\\"readonly\\\":false,\\\"__vModel__\\\":\\\"field101\\\"}\",\"{\\\"__config__\\\":{\\\"label\\\":\\\"ç»“æŸæ—¥æœŸ\\\",\\\"tag\\\":\\\"el-date-picker\\\",\\\"tagIcon\\\":\\\"date\\\",\\\"defaultValue\\\":null,\\\"showLabel\\\":true,\\\"labelWidth\\\":null,\\\"span\\\":24,\\\"layout\\\":\\\"colFormItem\\\",\\\"required\\\":true,\\\"regList\\\":[],\\\"changeTag\\\":true,\\\"document\\\":\\\"https://element.eleme.cn/#/zh-CN/component/date-picker\\\",\\\"formId\\\":102,\\\"renderKey\\\":\\\"1021654844403576\\\"},\\\"placeholder\\\":\\\"è¯·é€‰æ‹©ç»“æŸæ—¥æœŸ\\\",\\\"type\\\":\\\"date\\\",\\\"style\\\":{\\\"width\\\":\\\"100%\\\"},\\\"disabled\\\":false,\\\"clearable\\\":true,\\\"format\\\":\\\"yyyy-MM-dd\\\",\\\"value-format\\\":\\\"yyyy-MM-dd\\\",\\\"readonly\\\":false,\\\"__vModel__\\\":\\\"field102\\\"}\",\"{\\\"__config__\\\":{\\\"label\\\":\\\"ä¸‹æ‹‰é€‰æ‹©\\\",\\\"showLabel\\\":true,\\\"labelWidth\\\":null,\\\"tag\\\":\\\"el-select\\\",\\\"tagIcon\\\":\\\"select\\\",\\\"layout\\\":\\\"colFormItem\\\",\\\"span\\\":24,\\\"required\\\":true,\\\"regList\\\":[],\\\"changeTag\\\":true,\\\"document\\\":\\\"https://element.eleme.cn/#/zh-CN/component/select\\\",\\\"formId\\\":103,\\\"renderKey\\\":\\\"1031654844469680\\\"},\\\"__slot__\\\":{\\\"options\\\":[{\\\"label\\\":\\\"è®¾å¤‡\\\",\\\"value\\\":1},{\\\"label\\\":\\\"ç‰©å“\\\",\\\"value\\\":2}]},\\\"placeholder\\\":\\\"è¯·é€‰æ‹©ä¸‹æ‹‰é€‰æ‹©\\\",\\\"style\\\":{\\\"width\\\":\\\"100%\\\"},\\\"clearable\\\":true,\\\"disabled\\\":false,\\\"filterable\\\":false,\\\"multiple\\\":false,\\\"__vModel__\\\":\\\"field103\\\"}\",\"{\\\"__config__\\\":{\\\"label\\\":\\\"é¡¹ç›®æè¿°\\\",\\\"labelWidth\\\":null,\\\"showLabel\\\":true,\\\"tag\\\":\\\"el-input\\\",\\\"tagIcon\\\":\\\"textarea\\\",\\\"required\\\":true,\\\"layout\\\":\\\"colFormItem\\\",\\\"span\\\":24,\\\"regList\\\":[],\\\"changeTag\\\":true,\\\"document\\\":\\\"https://element.eleme.cn/#/zh-CN/component/input\\\",\\\"formId\\\":104,\\\"renderKey\\\":\\\"1041654846455619\\\"},\\\"type\\\":\\\"textarea\\\",\\\"placeholder\\\":\\\"è¯·è¾“å…¥é¡¹ç›®æè¿°\\\",\\\"autosize\\\":{\\\"minRows\\\":4,\\\"maxRows\\\":4},\\\"style\\\":{\\\"width\\\":\\\"100%\\\"},\\\"maxlength\\\":null,\\\"show-word-limit\\\":false,\\\"readonly\\\":false,\\\"disabled\\\":false,\\\"__vModel__\\\":\\\"field104\\\"}\"]',NULL,NULL,'1','2022-06-10 15:42:38','1','2022-06-10 15:42:38','\0',1),
(105,'Equip_Reimb:2:24141360-e891-11ec-9162-a4bb6ddb930e','976f5028-e7c9-11ec-9162-a4bb6ddb930e','é‡‡è´­è®¾å¤‡æŠ¥é”€æµç¨‹',10,17,'{\"formRef\":\"elForm\",\"formModel\":\"formData\",\"size\":\"medium\",\"labelPosition\":\"right\",\"labelWidth\":100,\"formRules\":\"rules\",\"gutter\":15,\"disabled\":false,\"span\":24,\"formBtns\":true}','[\"{\\\"__config__\\\":{\\\"label\\\":\\\"å¼€å§‹æ—¥æœŸ\\\",\\\"tag\\\":\\\"el-date-picker\\\",\\\"tagIcon\\\":\\\"date\\\",\\\"defaultValue\\\":null,\\\"showLabel\\\":true,\\\"labelWidth\\\":null,\\\"span\\\":24,\\\"layout\\\":\\\"colFormItem\\\",\\\"required\\\":true,\\\"regList\\\":[],\\\"changeTag\\\":true,\\\"document\\\":\\\"https://element.eleme.cn/#/zh-CN/component/date-picker\\\",\\\"formId\\\":101,\\\"renderKey\\\":\\\"1011654844384941\\\"},\\\"placeholder\\\":\\\"è¯·é€‰æ‹©å¼€å§‹æ—¥æœŸ\\\",\\\"type\\\":\\\"date\\\",\\\"style\\\":{\\\"width\\\":\\\"100%\\\"},\\\"disabled\\\":false,\\\"clearable\\\":true,\\\"format\\\":\\\"yyyy-MM-dd\\\",\\\"value-format\\\":\\\"yyyy-MM-dd\\\",\\\"readonly\\\":false,\\\"__vModel__\\\":\\\"field101\\\"}\",\"{\\\"__config__\\\":{\\\"label\\\":\\\"ç»“æŸæ—¥æœŸ\\\",\\\"tag\\\":\\\"el-date-picker\\\",\\\"tagIcon\\\":\\\"date\\\",\\\"defaultValue\\\":null,\\\"showLabel\\\":true,\\\"labelWidth\\\":null,\\\"span\\\":24,\\\"layout\\\":\\\"colFormItem\\\",\\\"required\\\":true,\\\"regList\\\":[],\\\"changeTag\\\":true,\\\"document\\\":\\\"https://element.eleme.cn/#/zh-CN/component/date-picker\\\",\\\"formId\\\":102,\\\"renderKey\\\":\\\"1021654844403576\\\"},\\\"placeholder\\\":\\\"è¯·é€‰æ‹©ç»“æŸæ—¥æœŸ\\\",\\\"type\\\":\\\"date\\\",\\\"style\\\":{\\\"width\\\":\\\"100%\\\"},\\\"disabled\\\":false,\\\"clearable\\\":true,\\\"format\\\":\\\"yyyy-MM-dd\\\",\\\"value-format\\\":\\\"yyyy-MM-dd\\\",\\\"readonly\\\":false,\\\"__vModel__\\\":\\\"field102\\\"}\",\"{\\\"__config__\\\":{\\\"label\\\":\\\"ä¸‹æ‹‰é€‰æ‹©\\\",\\\"showLabel\\\":true,\\\"labelWidth\\\":null,\\\"tag\\\":\\\"el-select\\\",\\\"tagIcon\\\":\\\"select\\\",\\\"layout\\\":\\\"colFormItem\\\",\\\"span\\\":24,\\\"required\\\":true,\\\"regList\\\":[],\\\"changeTag\\\":true,\\\"document\\\":\\\"https://element.eleme.cn/#/zh-CN/component/select\\\",\\\"formId\\\":103,\\\"renderKey\\\":\\\"1031654844469680\\\"},\\\"__slot__\\\":{\\\"options\\\":[{\\\"label\\\":\\\"è®¾å¤‡\\\",\\\"value\\\":1},{\\\"label\\\":\\\"ç‰©å“\\\",\\\"value\\\":2}]},\\\"placeholder\\\":\\\"è¯·é€‰æ‹©ä¸‹æ‹‰é€‰æ‹©\\\",\\\"style\\\":{\\\"width\\\":\\\"100%\\\"},\\\"clearable\\\":true,\\\"disabled\\\":false,\\\"filterable\\\":false,\\\"multiple\\\":false,\\\"__vModel__\\\":\\\"field103\\\"}\",\"{\\\"__config__\\\":{\\\"label\\\":\\\"é¡¹ç›®æè¿°\\\",\\\"labelWidth\\\":null,\\\"showLabel\\\":true,\\\"tag\\\":\\\"el-input\\\",\\\"tagIcon\\\":\\\"textarea\\\",\\\"required\\\":true,\\\"layout\\\":\\\"colFormItem\\\",\\\"span\\\":24,\\\"regList\\\":[],\\\"changeTag\\\":true,\\\"document\\\":\\\"https://element.eleme.cn/#/zh-CN/component/input\\\",\\\"formId\\\":104,\\\"renderKey\\\":\\\"1041654846455619\\\"},\\\"type\\\":\\\"textarea\\\",\\\"placeholder\\\":\\\"è¯·è¾“å…¥é¡¹ç›®æè¿°\\\",\\\"autosize\\\":{\\\"minRows\\\":4,\\\"maxRows\\\":4},\\\"style\\\":{\\\"width\\\":\\\"100%\\\"},\\\"maxlength\\\":null,\\\"show-word-limit\\\":false,\\\"readonly\\\":false,\\\"disabled\\\":false,\\\"__vModel__\\\":\\\"field104\\\"}\"]',NULL,NULL,'1','2022-06-10 15:44:22','1','2022-06-10 15:44:22','\0',1),
(106,'Equip_Reimb:3:22581a8c-eafc-11ec-9162-a4bb6ddb930e','976f5028-e7c9-11ec-9162-a4bb6ddb930e','é‡‡è´­è®¾å¤‡æŠ¥é”€æµç¨‹',10,17,'{\"formRef\":\"elForm\",\"formModel\":\"formData\",\"size\":\"medium\",\"labelPosition\":\"right\",\"labelWidth\":100,\"formRules\":\"rules\",\"gutter\":15,\"disabled\":false,\"span\":24,\"formBtns\":true}','[\"{\\\"__config__\\\":{\\\"label\\\":\\\"å¼€å§‹æ—¥æœŸ\\\",\\\"tag\\\":\\\"el-date-picker\\\",\\\"tagIcon\\\":\\\"date\\\",\\\"defaultValue\\\":null,\\\"showLabel\\\":true,\\\"labelWidth\\\":null,\\\"span\\\":24,\\\"layout\\\":\\\"colFormItem\\\",\\\"required\\\":true,\\\"regList\\\":[],\\\"changeTag\\\":true,\\\"document\\\":\\\"https://element.eleme.cn/#/zh-CN/component/date-picker\\\",\\\"formId\\\":101,\\\"renderKey\\\":\\\"1011654844384941\\\"},\\\"placeholder\\\":\\\"è¯·é€‰æ‹©å¼€å§‹æ—¥æœŸ\\\",\\\"type\\\":\\\"date\\\",\\\"style\\\":{\\\"width\\\":\\\"100%\\\"},\\\"disabled\\\":false,\\\"clearable\\\":true,\\\"format\\\":\\\"yyyy-MM-dd\\\",\\\"value-format\\\":\\\"yyyy-MM-dd\\\",\\\"readonly\\\":false,\\\"__vModel__\\\":\\\"field101\\\"}\",\"{\\\"__config__\\\":{\\\"label\\\":\\\"ç»“æŸæ—¥æœŸ\\\",\\\"tag\\\":\\\"el-date-picker\\\",\\\"tagIcon\\\":\\\"date\\\",\\\"defaultValue\\\":null,\\\"showLabel\\\":true,\\\"labelWidth\\\":null,\\\"span\\\":24,\\\"layout\\\":\\\"colFormItem\\\",\\\"required\\\":true,\\\"regList\\\":[],\\\"changeTag\\\":true,\\\"document\\\":\\\"https://element.eleme.cn/#/zh-CN/component/date-picker\\\",\\\"formId\\\":102,\\\"renderKey\\\":\\\"1021654844403576\\\"},\\\"placeholder\\\":\\\"è¯·é€‰æ‹©ç»“æŸæ—¥æœŸ\\\",\\\"type\\\":\\\"date\\\",\\\"style\\\":{\\\"width\\\":\\\"100%\\\"},\\\"disabled\\\":false,\\\"clearable\\\":true,\\\"format\\\":\\\"yyyy-MM-dd\\\",\\\"value-format\\\":\\\"yyyy-MM-dd\\\",\\\"readonly\\\":false,\\\"__vModel__\\\":\\\"field102\\\"}\",\"{\\\"__config__\\\":{\\\"label\\\":\\\"ä¸‹æ‹‰é€‰æ‹©\\\",\\\"showLabel\\\":true,\\\"labelWidth\\\":null,\\\"tag\\\":\\\"el-select\\\",\\\"tagIcon\\\":\\\"select\\\",\\\"layout\\\":\\\"colFormItem\\\",\\\"span\\\":24,\\\"required\\\":true,\\\"regList\\\":[],\\\"changeTag\\\":true,\\\"document\\\":\\\"https://element.eleme.cn/#/zh-CN/component/select\\\",\\\"formId\\\":103,\\\"renderKey\\\":\\\"1031654844469680\\\"},\\\"__slot__\\\":{\\\"options\\\":[{\\\"label\\\":\\\"è®¾å¤‡\\\",\\\"value\\\":1},{\\\"label\\\":\\\"ç‰©å“\\\",\\\"value\\\":2}]},\\\"placeholder\\\":\\\"è¯·é€‰æ‹©ä¸‹æ‹‰é€‰æ‹©\\\",\\\"style\\\":{\\\"width\\\":\\\"100%\\\"},\\\"clearable\\\":true,\\\"disabled\\\":false,\\\"filterable\\\":false,\\\"multiple\\\":false,\\\"__vModel__\\\":\\\"field103\\\"}\",\"{\\\"__config__\\\":{\\\"label\\\":\\\"é¡¹ç›®æè¿°\\\",\\\"labelWidth\\\":null,\\\"showLabel\\\":true,\\\"tag\\\":\\\"el-input\\\",\\\"tagIcon\\\":\\\"textarea\\\",\\\"required\\\":true,\\\"layout\\\":\\\"colFormItem\\\",\\\"span\\\":24,\\\"regList\\\":[],\\\"changeTag\\\":true,\\\"document\\\":\\\"https://element.eleme.cn/#/zh-CN/component/input\\\",\\\"formId\\\":104,\\\"renderKey\\\":\\\"1041654846455619\\\"},\\\"type\\\":\\\"textarea\\\",\\\"placeholder\\\":\\\"è¯·è¾“å…¥é¡¹ç›®æè¿°\\\",\\\"autosize\\\":{\\\"minRows\\\":4,\\\"maxRows\\\":4},\\\"style\\\":{\\\"width\\\":\\\"100%\\\"},\\\"maxlength\\\":null,\\\"show-word-limit\\\":false,\\\"readonly\\\":false,\\\"disabled\\\":false,\\\"__vModel__\\\":\\\"field104\\\"}\"]',NULL,NULL,'1','2022-06-13 17:35:17','1','2022-06-13 17:35:17','\0',1),
(107,'oa_reim_purchase:1:cfcbb46b-0674-11ed-938d-a4bb6ddb930e','78bb8456-0662-11ed-938d-a4bb6ddb930e','å‘èµ·æŠ¥é”€åï¼Œå…ˆç”±å›¢é˜Ÿï¼ˆéƒ¨é—¨ï¼‰è´Ÿè´£äººå®¡æ‰¹ï¼Œç„¶åç”±è´¢åŠ¡äººå‘˜å®¡æ‰¹ï¼Œå®¡æ‰¹å®Œæˆåå¯ä»¥æ‰“å°',20,NULL,NULL,NULL,'/purchase/create','/purchase/detail','120','2022-07-18 16:37:09','120','2022-08-09 21:02:19','\0',135),
(108,'oa_leave:1:7bd1bbd8-098b-11ed-b367-a4bb6ddb930e','acf57d50-0749-11ed-b630-a4bb6ddb930e',NULL,20,NULL,NULL,NULL,'/bpm/oa/leave/create','/bpm/oa/leave/detail','120','2022-07-22 14:57:00','120','2022-07-22 14:57:00','\0',135),
(109,'oa_leave:2:b1d8b016-0a51-11ed-9c19-a4bb6ddb930e','acf57d50-0749-11ed-b630-a4bb6ddb930e',NULL,20,NULL,NULL,NULL,'/bpm/oa/leave/create','/bpm/oa/leave/detail','120','2022-07-23 14:35:51','120','2022-07-23 14:35:51','\0',135),
(110,'oa_reim_purchase:2:20d9c0dc-17e3-11ed-9468-a4bb6ddb930e','78bb8456-0662-11ed-938d-a4bb6ddb930e','å‘èµ·æŠ¥é”€åï¼Œå…ˆç”±å›¢é˜Ÿï¼ˆéƒ¨é—¨ï¼‰è´Ÿè´£äººå®¡æ‰¹ï¼Œç„¶åç”±è´¢åŠ¡äººå‘˜å®¡æ‰¹ï¼Œå®¡æ‰¹å®Œæˆåå¯ä»¥æ‰“å°',20,NULL,NULL,NULL,'/purchase/create','/purchase/detail','120','2022-08-09 20:59:39','120','2022-08-09 20:59:39','\0',135),
(111,'oa_reim_purchase:3:a5dad24f-19f0-11ed-9a3e-a4bb6ddb930e','78bb8456-0662-11ed-938d-a4bb6ddb930e','å‘èµ·æŠ¥é”€åï¼Œå…ˆç”±å›¢é˜Ÿï¼ˆéƒ¨é—¨ï¼‰è´Ÿè´£äººå®¡æ‰¹ï¼Œç„¶åç”±è´¢åŠ¡äººå‘˜å®¡æ‰¹ï¼Œå®¡æ‰¹å®Œæˆåå¯ä»¥æ‰“å°',20,NULL,NULL,NULL,'/purchase/create','/purchase/detail','120','2022-08-12 11:41:28','120','2022-08-12 11:41:28','\0',135),
(112,'oa_reim_purchase:4:3957121d-1a1b-11ed-a1c9-a4bb6ddb930e','78bb8456-0662-11ed-938d-a4bb6ddb930e','å‘èµ·æŠ¥é”€åï¼Œå…ˆç”±å›¢é˜Ÿï¼ˆéƒ¨é—¨ï¼‰è´Ÿè´£äººå®¡æ‰¹ï¼Œç„¶åç”±è´¢åŠ¡äººå‘˜å®¡æ‰¹ï¼Œå®¡æ‰¹å®Œæˆåå¯ä»¥æ‰“å°',20,NULL,NULL,NULL,'/purchase/create','/purchase/detail','120','2022-08-12 16:46:15','120','2022-08-12 16:46:15','\0',135);

/*Data for the table `bpm_process_instance_ext` */

/*Data for the table `bpm_reim_print_batch` */

/*Data for the table `bpm_reim_print_batch_relate_id` */

/*Data for the table `bpm_reim_purchase` */

/*Data for the table `bpm_task_assign_rule` */

insert  into `bpm_task_assign_rule`(`id`,`model_id`,`process_definition_id`,`task_definition_key`,`type`,`options`,`creator`,`create_time`,`updater`,`update_time`,`deleted`,`tenant_id`) values 
(201,'976f5028-e7c9-11ec-9162-a4bb6ddb930e','DEFAULT','Activity_10fwykr',30,'[112,1,103,104]','1','2022-06-10 15:40:17','1','2022-06-13 17:35:07','\0',1),
(202,'976f5028-e7c9-11ec-9162-a4bb6ddb930e','Equip_Reimb:1:e68c6d6d-e890-11ec-9162-a4bb6ddb930e','Activity_10fwykr',22,'[2]','1','2022-06-10 15:42:38','1','2022-06-10 15:42:38','\0',1),
(203,'976f5028-e7c9-11ec-9162-a4bb6ddb930e','Equip_Reimb:2:24141360-e891-11ec-9162-a4bb6ddb930e','Activity_10fwykr',22,'[1]','1','2022-06-10 15:44:22','1','2022-06-10 15:44:22','\0',1),
(204,'976f5028-e7c9-11ec-9162-a4bb6ddb930e','Equip_Reimb:3:22581a8c-eafc-11ec-9162-a4bb6ddb930e','Activity_10fwykr',30,'[112,1,103,104]','1','2022-06-13 17:35:17','1','2022-06-13 17:35:17','\0',1),
(205,'78bb8456-0662-11ed-938d-a4bb6ddb930e','DEFAULT','Activity_1h995fv',50,'[20]','120','2022-07-18 16:36:42','120','2022-07-18 16:36:42','\0',135),
(206,'78bb8456-0662-11ed-938d-a4bb6ddb930e','DEFAULT','Activity_1cni7ap',20,'[113]','120','2022-07-18 16:36:53','120','2022-07-18 16:36:53','\0',135),
(207,'78bb8456-0662-11ed-938d-a4bb6ddb930e','oa_reim_purchase:1:cfcbb46b-0674-11ed-938d-a4bb6ddb930e','Activity_1h995fv',50,'[20]','120','2022-07-18 16:37:09','120','2022-07-18 16:37:09','\0',135),
(208,'78bb8456-0662-11ed-938d-a4bb6ddb930e','oa_reim_purchase:1:cfcbb46b-0674-11ed-938d-a4bb6ddb930e','Activity_1cni7ap',20,'[113]','120','2022-07-18 16:37:09','120','2022-07-18 16:37:09','\0',135),
(209,'acf57d50-0749-11ed-b630-a4bb6ddb930e','','Activity_1s8c9nf',50,'[10]','120','2022-07-22 14:53:43','120','2022-07-22 14:53:43','\0',135),
(210,'acf57d50-0749-11ed-b630-a4bb6ddb930e','','Activity_1wfo01j',50,'[20]','120','2022-07-22 14:53:50','120','2022-07-22 14:53:50','\0',135),
(211,'acf57d50-0749-11ed-b630-a4bb6ddb930e','','Activity_0sqnbct',10,'[128]','120','2022-07-22 14:53:58','120','2022-07-22 14:53:58','\0',135),
(212,'acf57d50-0749-11ed-b630-a4bb6ddb930e','oa_leave:1:7bd1bbd8-098b-11ed-b367-a4bb6ddb930e','Activity_1s8c9nf',50,'[10]','120','2022-07-22 14:57:00','120','2022-07-22 14:57:00','\0',135),
(213,'acf57d50-0749-11ed-b630-a4bb6ddb930e','oa_leave:1:7bd1bbd8-098b-11ed-b367-a4bb6ddb930e','Activity_1wfo01j',50,'[20]','120','2022-07-22 14:57:00','120','2022-07-22 14:57:00','\0',135),
(214,'acf57d50-0749-11ed-b630-a4bb6ddb930e','oa_leave:1:7bd1bbd8-098b-11ed-b367-a4bb6ddb930e','Activity_0sqnbct',10,'[128]','120','2022-07-22 14:57:00','120','2022-07-22 14:57:00','\0',135),
(215,'acf57d50-0749-11ed-b630-a4bb6ddb930e','','task-01',50,'[20]','1','2022-07-23 14:28:19','1','2022-07-23 14:28:19','\0',1),
(216,'acf57d50-0749-11ed-b630-a4bb6ddb930e','','task-21',50,'[10]','1','2022-07-23 14:29:24','1','2022-07-23 14:29:24','\0',1),
(217,'acf57d50-0749-11ed-b630-a4bb6ddb930e','','task-01',50,'[20]','120','2022-07-23 14:33:09','120','2022-07-23 14:33:09','\0',135),
(218,'acf57d50-0749-11ed-b630-a4bb6ddb930e','','task-21',20,'[113]','120','2022-07-23 14:33:17','120','2022-07-23 14:33:17','\0',135),
(219,'acf57d50-0749-11ed-b630-a4bb6ddb930e','oa_leave:2:b1d8b016-0a51-11ed-9c19-a4bb6ddb930e','task-01',50,'[20]','120','2022-07-23 14:35:51','120','2022-07-23 14:35:51','\0',135),
(220,'acf57d50-0749-11ed-b630-a4bb6ddb930e','oa_leave:2:b1d8b016-0a51-11ed-9c19-a4bb6ddb930e','task-21',20,'[113]','120','2022-07-23 14:35:51','120','2022-07-23 14:35:51','\0',135),
(221,'78bb8456-0662-11ed-938d-a4bb6ddb930e','','Activity_1h995fv',50,'[20]','120','2022-08-09 20:59:17','120','2022-08-12 16:45:50','\0',135),
(222,'78bb8456-0662-11ed-938d-a4bb6ddb930e','','Activity_1cni7ap',20,'[113]','120','2022-08-09 20:59:32','120','2022-08-12 16:45:52','\0',135),
(223,'78bb8456-0662-11ed-938d-a4bb6ddb930e','oa_reim_purchase:2:20d9c0dc-17e3-11ed-9468-a4bb6ddb930e','Activity_1h995fv',50,'[20]','120','2022-08-09 20:59:40','120','2022-08-09 20:59:40','\0',135),
(224,'78bb8456-0662-11ed-938d-a4bb6ddb930e','oa_reim_purchase:2:20d9c0dc-17e3-11ed-9468-a4bb6ddb930e','Activity_1cni7ap',20,'[113]','120','2022-08-09 20:59:40','120','2022-08-09 20:59:40','\0',135),
(225,'78bb8456-0662-11ed-938d-a4bb6ddb930e','','Activity_0fjnoy5',50,'[10]','120','2022-08-12 11:41:20','120','2022-08-12 11:41:20','\0',135),
(226,'78bb8456-0662-11ed-938d-a4bb6ddb930e','oa_reim_purchase:3:a5dad24f-19f0-11ed-9a3e-a4bb6ddb930e','Activity_1h995fv',50,'[20]','120','2022-08-12 11:41:28','120','2022-08-12 11:41:28','\0',135),
(227,'78bb8456-0662-11ed-938d-a4bb6ddb930e','oa_reim_purchase:3:a5dad24f-19f0-11ed-9a3e-a4bb6ddb930e','Activity_1cni7ap',20,'[113]','120','2022-08-12 11:41:28','120','2022-08-12 11:41:28','\0',135),
(228,'78bb8456-0662-11ed-938d-a4bb6ddb930e','oa_reim_purchase:3:a5dad24f-19f0-11ed-9a3e-a4bb6ddb930e','Activity_0fjnoy5',50,'[10]','120','2022-08-12 11:41:28','120','2022-08-12 11:41:28','\0',135),
(229,'78bb8456-0662-11ed-938d-a4bb6ddb930e','oa_reim_purchase:4:3957121d-1a1b-11ed-a1c9-a4bb6ddb930e','Activity_1h995fv',50,'[20]','120','2022-08-12 16:46:15','120','2022-08-12 16:46:15','\0',135),
(230,'78bb8456-0662-11ed-938d-a4bb6ddb930e','oa_reim_purchase:4:3957121d-1a1b-11ed-a1c9-a4bb6ddb930e','Activity_1cni7ap',20,'[113]','120','2022-08-12 16:46:15','120','2022-08-12 16:46:15','\0',135);

/*Data for the table `bpm_task_ext` */

/*Data for the table `bpm_user_group` */

/*Data for the table `infra_codegen_column` */

/*Data for the table `infra_codegen_table` */

/*Data for the table `infra_config` */

insert  into `infra_config`(`id`,`category`,`type`,`name`,`config_key`,`value`,`visible`,`remark`,`creator`,`create_time`,`updater`,`update_time`,`deleted`) values 
(1,'ui',1,'ä¸»æ¡†æ¶é¡µ-é»˜è®¤çš®è‚¤æ ·å¼åç§°','sys.index.skinName','skin-blue','\0','è“è‰² skin-blueã€ç»¿è‰² skin-greenã€ç´«è‰² skin-purpleã€çº¢è‰² skin-redã€é»„è‰² skin-yellow','admin','2021-01-05 17:03:48','1','2022-03-26 23:10:31','\0'),
(2,'biz',1,'ç”¨æˆ·ç®¡ç†-è´¦å·åˆå§‹å¯†ç ','sys.user.init-password','123456','\0','åˆå§‹åŒ–å¯†ç  123456','admin','2021-01-05 17:03:48','1','2022-03-20 02:25:51','\0'),
(3,'ui',1,'ä¸»æ¡†æ¶é¡µ-ä¾§è¾¹æ ä¸»é¢˜','sys.index.sideTheme','theme-dark','\0','æ·±è‰²ä¸»é¢˜theme-darkï¼Œæµ…è‰²ä¸»é¢˜theme-light','admin','2021-01-05 17:03:48','','2021-01-19 03:05:21','\0'),
(4,'1',2,'xxx','demo.test','10','\0','5','','2021-01-19 03:10:26','','2021-01-20 09:25:55','\0'),
(5,'xxx',2,'xxx','xxx','xxx','','xxx','','2021-02-09 20:06:47','','2021-02-09 20:06:47','\0'),
(6,'biz',2,'ç™»é™†éªŒè¯ç çš„å¼€å…³','yudao.captcha.enable','false','',NULL,'1','2022-02-17 00:03:11','1','2022-06-24 21:14:07','\0'),
(8,'biz',2,'æŠ¥é”€å•æ”¶ä»¶äºº','crc.recipient.name','å¼ å®‡å±±','\0',NULL,'120','2022-08-11 18:00:10','120','2022-08-11 18:17:15','\0'),
(9,'biz',2,'æ”¶ä»¶äººè”ç³»ç”µè¯','crc.recipient.phone','54392642','\0',NULL,'120','2022-08-11 18:01:10','120','2022-08-11 18:17:19','\0');

/*Data for the table `infra_data_source_config` */

/*Data for the table `infra_file_config` */

insert  into `infra_file_config`(`id`,`name`,`storage`,`remark`,`master`,`config`,`creator`,`create_time`,`updater`,`update_time`,`deleted`) values 
(4,'æ•°æ®åº“',1,'æˆ‘æ˜¯æ•°æ®åº“','\0','{\"@class\":\"cn.iocoder.yudao.framework.file.core.client.db.DBFileClientConfig\",\"domain\":\"http://127.0.0.1:48080\"}','1','2022-03-15 23:56:24','1','2022-07-17 17:33:18','\0'),
(5,'æœ¬åœ°ç£ç›˜',10,'æµ‹è¯•ä¸‹æœ¬åœ°å­˜å‚¨','\0','{\"@class\":\"cn.iocoder.yudao.framework.file.core.client.local.LocalFileClientConfig\",\"basePath\":\"/Users/yunai/file_test\",\"domain\":\"http://127.0.0.1:48080\"}','1','2022-03-15 23:57:00','1','2022-07-17 17:33:18','\0'),
(11,'S3 - ä¸ƒç‰›äº‘',20,NULL,'\0','{\"@class\":\"cn.iocoder.yudao.framework.file.core.client.s3.S3FileClientConfig\",\"endpoint\":\"s3-cn-south-1.qiniucs.com\",\"domain\":\"http://test.yudao.iocoder.cn\",\"bucket\":\"ruoyi-vue-pro\",\"accessKey\":\"b7yvuhBSAGjmtPhMFcn9iMOxUOY_I06cA_p0ZUx8\",\"accessSecret\":\"kXM1l5ia1RvSX3QaOEcwI3RLz3Y2rmNszWonKZtP\"}','1','2022-03-19 18:00:03','1','2022-07-17 17:33:18','\0'),
(15,'MINIO-local',20,'æœ¬åœ°MINIOæœåŠ¡å™¨','','{\"@class\":\"cn.iocoder.yudao.framework.file.core.client.s3.S3FileClientConfig\",\"endpoint\":\"http://192.168.179.128:9000\",\"domain\":\"\",\"bucket\":\"crc-reim-sys\",\"accessKey\":\"admin\",\"accessSecret\":\"hkcrc@123\"}','1','2022-07-17 17:20:27','1','2022-07-17 17:33:18','\0');

/*Data for the table `infra_file_content` */

/*Data for the table `infra_job` */

insert  into `infra_job`(`id`,`name`,`status`,`handler_name`,`handler_param`,`cron_expression`,`retry_count`,`retry_interval`,`monitor_timeout`,`creator`,`create_time`,`updater`,`update_time`,`deleted`) values 
(5,'æ”¯ä»˜é€šçŸ¥ Job',2,'payNotifyJob',NULL,'* * * * * ?',0,0,0,'1','2021-10-27 08:34:42','1','2022-04-03 20:35:25','\0');

/*Data for the table `infra_job_log` */

/*Data for the table `infra_test_demo` */

/*Data for the table `member_user` */

/*Data for the table `pay_app` */

/*Data for the table `pay_channel` */

/*Data for the table `pay_merchant` */

/*Data for the table `pay_notify_log` */

/*Data for the table `pay_notify_task` */

/*Data for the table `pay_order` */

/*Data for the table `pay_order_extension` */

/*Data for the table `pay_refund` */

/*Data for the table `qrtz_blob_triggers` */

/*Data for the table `qrtz_calendars` */

/*Data for the table `qrtz_cron_triggers` */

insert  into `qrtz_cron_triggers`(`SCHED_NAME`,`TRIGGER_NAME`,`TRIGGER_GROUP`,`CRON_EXPRESSION`,`TIME_ZONE_ID`) values 
('schedulerName','payNotifyJob','DEFAULT','* * * * * ?','Asia/Shanghai');

/*Data for the table `qrtz_fired_triggers` */

/*Data for the table `qrtz_job_details` */

insert  into `qrtz_job_details`(`SCHED_NAME`,`JOB_NAME`,`JOB_GROUP`,`DESCRIPTION`,`JOB_CLASS_NAME`,`IS_DURABLE`,`IS_NONCONCURRENT`,`IS_UPDATE_DATA`,`REQUESTS_RECOVERY`,`JOB_DATA`) values 
('schedulerName','payNotifyJob','DEFAULT',NULL,'cn.iocoder.yudao.framework.quartz.core.handler.JobHandlerInvoker','0','1','1','0','ï¿½ï¿½\0sr\0org.quartz.JobDataMapï¿½ï¿½ï¿½è¿©ï¿½ï¿½\0\0xr\0&org.quartz.utils.StringKeyDirtyFlagMapï¿½ï¿½ï¿½ï¿½ï¿½](\0Z\0allowsTransientDataxr\0org.quartz.utils.DirtyFlagMapï¿½.ï¿½(v\nï¿½\0Z\0dirtyL\0mapt\0Ljava/util/Map;xpsr\0java.util.HashMapï¿½ï¿½ï¿½`ï¿½\0F\0\nloadFactorI\0	thresholdxp?@\0\0\0\0\0w\0\0\0\0\0\0t\0JOB_IDsr\0java.lang.Long;ï¿½ï¿½Ì#ï¿½\0J\0valuexr\0java.lang.Numberï¿½ï¿½ï¿½ï¿½ï¿½ï¿½\0\0xp\0\0\0\0\0\0\0t\0JOB_HANDLER_NAMEt\0payNotifyJobx\0');

/*Data for the table `qrtz_locks` */

insert  into `qrtz_locks`(`SCHED_NAME`,`LOCK_NAME`) values 
('schedulerName','STATE_ACCESS'),
('schedulerName','TRIGGER_ACCESS');

/*Data for the table `qrtz_paused_trigger_grps` */

/*Data for the table `qrtz_scheduler_state` */

insert  into `qrtz_scheduler_state`(`SCHED_NAME`,`INSTANCE_NAME`,`LAST_CHECKIN_TIME`,`CHECKIN_INTERVAL`) values 
('schedulerName','Yunai.local1635571630493',1635572537879,15000);

/*Data for the table `qrtz_simple_triggers` */

/*Data for the table `qrtz_simprop_triggers` */

/*Data for the table `qrtz_triggers` */

insert  into `qrtz_triggers`(`SCHED_NAME`,`TRIGGER_NAME`,`TRIGGER_GROUP`,`JOB_NAME`,`JOB_GROUP`,`DESCRIPTION`,`NEXT_FIRE_TIME`,`PREV_FIRE_TIME`,`PRIORITY`,`TRIGGER_STATE`,`TRIGGER_TYPE`,`START_TIME`,`END_TIME`,`CALENDAR_NAME`,`MISFIRE_INSTR`,`JOB_DATA`) values 
('schedulerName','payNotifyJob','DEFAULT','payNotifyJob','DEFAULT',NULL,1635572540000,1635572539000,5,'WAITING','CRON',1635294882000,0,NULL,0,'ï¿½ï¿½\0sr\0org.quartz.JobDataMapï¿½ï¿½ï¿½è¿©ï¿½ï¿½\0\0xr\0&org.quartz.utils.StringKeyDirtyFlagMapï¿½ï¿½ï¿½ï¿½ï¿½](\0Z\0allowsTransientDataxr\0org.quartz.utils.DirtyFlagMapï¿½.ï¿½(v\nï¿½\0Z\0dirtyL\0mapt\0Ljava/util/Map;xpsr\0java.util.HashMapï¿½ï¿½ï¿½`ï¿½\0F\0\nloadFactorI\0	thresholdxp?@\0\0\0\0\0w\0\0\0\0\0\0t\0JOB_HANDLER_PARAMpt\0JOB_RETRY_INTERVALsr\0java.lang.Integerâ ¤ï¿½ï¿½ï¿½8\0I\0valuexr\0java.lang.Numberï¿½ï¿½ï¿½ï¿½ï¿½ï¿½\0\0xp\0\0\0\0t\0JOB_RETRY_COUNTq\0~\0x\0');

/*Data for the table `system_dept` */

insert  into `system_dept`(`id`,`name`,`parent_id`,`sort`,`leader_user_id`,`phone`,`email`,`status`,`creator`,`create_time`,`updater`,`update_time`,`deleted`,`tenant_id`) values 
(100,'èŠ‹é“æºç ',0,0,1,'15888888888','ry@qq.com',0,'admin','2021-01-05 17:03:47','103','2022-01-14 01:04:05','\0',1),
(101,'æ·±åœ³æ€»å…¬å¸',100,1,104,'15888888888','ry@qq.com',0,'admin','2021-01-05 17:03:47','1','2022-05-16 20:25:23','\0',1),
(102,'é•¿æ²™åˆ†å…¬å¸',100,2,NULL,'15888888888','ry@qq.com',0,'admin','2021-01-05 17:03:47','','2021-12-15 05:01:40','\0',1),
(103,'ç ”å‘éƒ¨é—¨',101,1,104,'15888888888','ry@qq.com',0,'admin','2021-01-05 17:03:47','103','2022-01-14 01:04:14','\0',1),
(104,'å¸‚åœºéƒ¨é—¨',101,2,NULL,'15888888888','ry@qq.com',0,'admin','2021-01-05 17:03:47','','2021-12-15 05:01:38','\0',1),
(105,'æµ‹è¯•éƒ¨é—¨',101,3,NULL,'15888888888','ry@qq.com',0,'admin','2021-01-05 17:03:47','1','2022-05-16 20:25:15','\0',1),
(106,'è´¢åŠ¡éƒ¨é—¨',101,4,103,'15888888888','ry@qq.com',0,'admin','2021-01-05 17:03:47','103','2022-01-15 21:32:22','\0',1),
(107,'è¿ç»´éƒ¨é—¨',101,5,NULL,'15888888888','ry@qq.com',0,'admin','2021-01-05 17:03:47','','2021-12-15 05:01:33','\0',1),
(108,'å¸‚åœºéƒ¨é—¨',102,1,NULL,'15888888888','ry@qq.com',0,'admin','2021-01-05 17:03:47','1','2022-02-16 08:35:45','\0',1),
(109,'è´¢åŠ¡éƒ¨é—¨',102,2,NULL,'15888888888','ry@qq.com',0,'admin','2021-01-05 17:03:47','','2021-12-15 05:01:29','\0',1),
(110,'æ–°éƒ¨é—¨',0,1,NULL,NULL,NULL,0,'110','2022-02-23 20:46:30','110','2022-02-23 20:46:30','\0',121),
(111,'é¡¶çº§éƒ¨é—¨',0,1,NULL,NULL,NULL,0,'113','2022-03-07 21:44:50','113','2022-03-07 21:44:50','\0',122),
(112,'Test',0,0,NULL,NULL,NULL,0,'1','2022-06-13 11:35:57','1','2022-06-13 11:35:57','\0',1),
(113,'è´¢åŠ¡éƒ¨',0,0,NULL,NULL,NULL,0,'120','2022-07-18 00:58:50','120','2022-07-18 00:58:50','\0',135),
(114,'R&D',0,1,NULL,NULL,NULL,1,'120','2022-07-18 00:59:06','120','2022-07-18 11:35:03','\0',135),
(115,'Leader',114,0,NULL,NULL,NULL,0,'120','2022-07-18 00:59:54','120','2022-07-18 01:01:41','',135),
(116,'æ— ç©¹åˆ›æ–°',0,1,121,NULL,NULL,0,'120','2022-07-18 11:35:27','120','2022-07-18 11:37:04','\0',135);

/*Data for the table `system_dict_data` */

insert  into `system_dict_data`(`id`,`sort`,`label`,`value`,`dict_type`,`status`,`color_type`,`css_class`,`remark`,`creator`,`create_time`,`updater`,`update_time`,`deleted`) values
(1162,0,'çº¿ä¸Š','1','reim_purchase_way_type',0,'primary','',NULL,'1','2022-07-15 17:24:55','1','2022-07-15 17:24:55','\0'),
(1163,1,'çº¿ä¸‹','2','reim_purchase_way_type',0,'success','',NULL,'1','2022-07-15 17:25:15','1','2022-07-15 17:25:15','\0'),
(1164,0,'äººæ°‘å¸','1','reim_purchase_currency_type',0,'default','',NULL,'1','2022-07-15 18:08:51','1','2022-07-15 18:08:51','\0'),
(1165,1,'æ¸¯å…ƒ','2','reim_purchase_currency_type',0,'primary','',NULL,'1','2022-07-15 18:09:38','1','2022-07-15 18:09:38','\0'),
(1166,3,'ç¾å…ƒ','3','reim_purchase_currency_type',0,'success','',NULL,'1','2022-07-15 18:10:05','1','2022-07-15 18:10:05','\0'),
(1167,0,'æœªæ‰“å°','0','reim_application_is_printed',0,'danger','',NULL,'1','2022-08-10 10:46:52','1','2022-08-10 10:47:25','\0'),
(1168,0,'å·²æ‰“å°','1','reim_application_is_printed',0,'success','',NULL,'1','2022-08-10 10:47:21','1','2022-08-10 10:47:21','\0'),
(1169,0,'QQé‚®ç®±','QQ_MAIL','email_type',0,'primary','',NULL,'120','2022-08-11 15:22:00','120','2022-08-11 15:22:00','\0'),
(1170,1,'Googleé‚®ç®±','GMAIL','email_type',0,'info','',NULL,'120','2022-08-11 15:22:24','120','2022-08-11 15:23:09','\0'),
(1171,2,'163é‚®ç®±','MAIL_163','email_type',0,'danger','',NULL,'120','2022-08-11 15:22:56','120','2022-08-11 15:22:56','\0'),
(1172,0,'é€šçŸ¥','2','email_msg_type',0,'primary','',NULL,'120','2022-08-11 16:09:50','120','2022-08-11 16:09:50','\0');

/*Data for the table `system_dict_type` */

insert  into `system_dict_type`(`id`,`name`,`type`,`status`,`remark`,`creator`,`create_time`,`updater`,`update_time`,`deleted`) values
(149,'é‡‡è´­æŠ¥é”€ç‰©å“è´­ä¹°é€”å¾„','reim_purchase_way_type',0,'é‡‡è´­æŠ¥é”€æµç¨‹é€‰æ‹©è´­ä¹°é€”å¾„ç±»å‹','1','2022-07-15 17:20:38','1','2022-07-15 17:20:38','\0'),
(150,'é‡‡è´­æŠ¥é”€è´§å¸ç§ç±»','reim_purchase_currency_type',0,'é‡‡è´­æŠ¥é”€æµç¨‹é€‰æ‹©è´§å¸ç§ç±»','1','2022-07-15 18:07:48','1','2022-07-15 18:07:48','\0'),
(151,'æŠ¥é”€ç”³è¯·æ˜¯å¦æ‰“å°','reim_application_is_printed',0,'æŠ¥é”€ç”³è¯·æ˜¯å¦æ‰“å°','1','2022-08-10 10:45:50','1','2022-08-10 10:46:05','\0'),
(152,'é‚®ç®±ç±»å‹','email_type',0,'é‚®ç®±ç±»å‹','120','2022-08-11 15:21:25','120','2022-08-11 15:21:25','\0'),
(153,'é‚®ä»¶ä¿¡æ¯ç±»å‹','email_msg_type',0,'é‚®ä»¶ä¿¡æ¯ç±»å‹','120','2022-08-11 16:09:03','120','2022-08-11 16:09:35','\0');

/*Data for the table `system_email_mailbox` */

insert  into `system_email_mailbox`(`id`,`code`,`status`,`remark`,`from_email`,`auth_code`,`callback_url`,`creator`,`create_time`,`updater`,`update_time`,`deleted`,`tenant_id`) values 
(7,'MAIL_163',0,NULL,'hkcrc_info_fr@163.com','FPGQEHBYOVAQQMUJ',NULL,'1','2022-08-11 14:42:16','','2022-08-11 14:42:16','\0',135),
(8,'QQ_MAIL',0,'æµ‹è¯•','819419387@qq.com','dddddddd',NULL,'120','2022-08-11 15:59:00','120','2022-08-11 16:05:42','',135);

/*Data for the table `system_email_template` */

insert  into `system_email_template`(`id`,`type`,`status`,`code`,`name`,`content`,`params`,`remark`,`mailbox_code`,`creator`,`create_time`,`updater`,`update_time`,`deleted`,`tenant_id`) values 
(14,2,0,'bpm_task_assigned','ã€å·¥ä½œæµã€‘ä»»åŠ¡è¢«åˆ†é…','æ‚¨æ”¶åˆ°äº†ä¸€æ¡æ–°çš„å¾…åŠä»»åŠ¡ï¼š{processInstanceName}-{taskName}ï¼Œç”³è¯·äººï¼š{startUserNickname}ï¼Œå¤„ç†é“¾æ¥ï¼š{detailUrl}','[\"processInstanceName\",\"taskName\",\"startUserNickname\",\"detailUrl\"]',NULL,'MAIL_163','1','2022-08-10 22:22:48','135','2022-08-11 14:42:34','\0',135),
(15,2,0,'bpm_process_instance_reject','ã€å·¥ä½œæµã€‘æµç¨‹è¢«ä¸é€šè¿‡','æ‚¨çš„æµç¨‹è¢«å®¡æ‰¹ä¸é€šè¿‡ï¼š{processInstanceName}ï¼ŒåŸå› ï¼š{reason}ï¼ŒæŸ¥çœ‹é“¾æ¥ï¼š{detailUrl}','[\"processInstanceName\",\"reason\",\"detailUrl\"]',NULL,'MAIL_163','1','2022-08-10 22:22:48','135','2022-08-11 14:42:35','\0',135),
(16,2,0,'bpm_process_instance_approve','ã€å·¥ä½œæµã€‘æµç¨‹è¢«é€šè¿‡','æ‚¨çš„æµç¨‹è¢«å®¡æ‰¹é€šè¿‡ï¼š{processInstanceName}ï¼ŒæŸ¥çœ‹é“¾æ¥ï¼š{detailUrl}','[\"processInstanceName\",\"detailUrl\"]',NULL,'MAIL_163','1','2022-08-10 22:22:48','135','2022-08-11 14:42:39','\0',135);

/*Data for the table `system_error_code` */



/*Data for the table `system_login_log` */

/*Data for the table `system_menu` */

insert  into `system_menu`(`id`,`name`,`permission`,`type`,`sort`,`parent_id`,`path`,`icon`,`component`,`status`,`visible`,`keep_alive`,`creator`,`create_time`,`updater`,`update_time`,`deleted`) values
(1268,'é‡‡è´­æŠ¥é”€','bpm:oa-reim-purchase:queryPage',2,0,1269,'index','merchant','bpm/oa/reim/purchase/index',0,'','','1','2022-07-14 22:42:42','1','2022-08-08 15:18:13','\0'),
(1269,'é‡‡è´­','',1,60,0,'/purchase','merchant',NULL,0,'','','1','2022-07-14 23:27:07','1','2022-08-08 15:18:01','\0'),
(1270,'å‘èµ·æŠ¥é”€','bpm:oa-reim-purchase:create',3,0,1268,'','','',0,'','','1','2022-07-14 23:31:08','1','2022-07-14 23:31:08','\0'),
(1271,'äº¤é€šæŠ¥é”€','',2,1,1272,'index','guide',NULL,0,'','','1','2022-07-14 23:36:50','1','2022-08-08 15:18:36','\0'),
(1272,'äº¤é€š','',1,61,0,'/transport','guide',NULL,1,'','','1','2022-07-14 23:40:31','120','2022-08-10 11:23:24','\0'),
(1273,'æŸ¥çœ‹è¯¦æƒ…','bpm:oa-reim-purchase:query',3,1,1268,'','','',0,'','','120','2022-07-18 21:00:51','120','2022-07-18 21:00:51','\0'),
(1274,'æŸ¥çœ‹æµç¨‹è¯¦æƒ…','bpm:process-instance:query',3,2,1268,'','','',0,'','','120','2022-07-18 21:20:35','120','2022-07-18 21:43:07','\0'),
(1275,'æŸ¥çœ‹æµç¨‹å®šä¹‰çš„BPMN','bpm:process-definition:query',3,3,1268,'','','',0,'','','1','2022-07-19 12:22:05','1','2022-07-19 12:22:05','\0'),
(1276,'æŸ¥çœ‹æµç¨‹çš„é«˜äº®æµç¨‹å›¾','bpm:task:query',3,4,1268,'','','',0,'','','1','2022-07-19 12:22:38','1','2022-07-19 12:22:38','\0'),
(1277,'å¾…åŠ','',1,0,0,'/reim','cascader',NULL,0,'','','120','2022-07-20 13:54:19','120','2022-07-20 14:35:02',''),
(1278,'å¾…åŠä»»åŠ¡','',2,0,1277,'todo','cascader','bpm/oa/reim/task/todo',0,'','','120','2022-07-20 14:27:17','120','2022-07-20 14:34:59',''),
(1279,'å¾…åŠ','',1,62,0,'/approval','chart',NULL,0,'','','120','2022-07-20 14:35:54','1','2022-08-08 15:19:38','\0'),
(1280,'å¾…å®¡æŠ¥é”€','',2,0,1279,'todo','cascader','bpm/oa/reim/task/todo',0,'','','120','2022-07-20 14:36:52','120','2022-08-09 11:32:06','\0'),
(1281,'æŸ¥è¯¢æµç¨‹ä»»åŠ¡','bpm:task:query',3,0,1280,'','','',0,'','','1','2022-07-20 14:48:19','1','2022-07-20 14:48:19','\0'),
(1282,'æ›´æ–°æµç¨‹ä»»åŠ¡','bpm:task:update',3,0,1280,'','','',0,'','','1','2022-07-20 14:48:45','1','2022-07-20 14:48:45','\0'),
(1283,'å·²åŠ','',1,63,0,'/approved','list',NULL,0,'','','1','2022-07-20 14:49:45','1','2022-08-08 15:20:23','\0'),
(1284,'å·²å®¡æŠ¥é”€','',2,0,1283,'done','list','bpm/oa/reim/task/done',0,'','','1','2022-07-20 14:52:03','120','2022-08-09 11:32:14','\0'),
(1285,'æ‰“å°æŠ¥é”€å•','bpm:reim-print-batch:create',3,5,1268,'','','',0,'','','1','2022-08-05 16:43:49','1','2022-08-05 16:43:49','\0'),
(1286,'æ‰“å°','',1,64,0,'/print','dict',NULL,0,'','','1','2022-08-08 14:36:01','1','2022-08-08 15:20:38','\0'),
(1287,'æ‰“å°æ‰¹æ¬¡','bpm:reim-print-batch:page',2,0,1286,'batch','dict','bpm/oa/reim/print/index',0,'','','1','2022-08-08 14:38:09','1','2022-08-08 15:20:58','\0'),
(1288,'æŸ¥è¯¢æ‰¹æ¬¡è¯¦æƒ…','bpm:reim-print-batch:query',3,0,1287,'','','',0,'','','1','2022-08-08 15:13:05','1','2022-08-08 15:13:05','\0'),
(1289,'ä¿®æ”¹æŠ¥é”€ä¿¡æ¯','bpm:oa-reim-purchase:update',3,1,1287,'','','',0,'','','1','2022-08-08 17:59:42','1','2022-08-08 17:59:42','\0'),
(1290,'æ‰“å°æ‰¹æ¬¡','bpm:reim-print-batch:print',3,2,1287,'','','',0,'','','1','2022-08-09 10:02:44','1','2022-08-09 10:02:44','\0'),
(1291,'æ›´æ–°æŠ¥é”€ç”³è¯·äºº','bpm:reim-print-batch:update-staff',3,3,1287,'','','',0,'','','1','2022-08-09 15:16:51','1','2022-08-09 15:16:51','\0'),
(1292,'æµ‹è¯•æƒé™','',1,70,0,'/test','button',NULL,0,'','','120','2022-08-10 11:06:06','120','2022-08-10 11:22:58',''),
(1293,'é‚®ä»¶ç®¡ç†','',1,14,1,'smail','email',NULL,0,'','','120','2022-08-10 21:31:20','120','2022-08-10 21:31:20','\0'),
(1294,'é‚®ä»¶æ¸ é“','system:email-mailbox:query',2,0,1293,'channel','email','system/smail/smailChannel',0,'','','120','2022-08-10 21:33:56','120','2022-08-11 15:15:58','\0'),
(1295,'é‚®ä»¶æ¨¡æ¿','',2,1,1293,'template','email','system/smail/smailTemplate',0,'','','120','2022-08-10 21:35:29','120','2022-08-10 21:37:35','\0'),
(1296,'é‚®ä»¶æ—¥å¿—','',2,2,1293,'log','email','system/smail/smailLog',1,'','','120','2022-08-10 21:36:40','120','2022-08-11 16:06:20','\0'),
(1297,'ä¿®æ”¹é‚®ç®±æ¸ é“','system:email-mailbox:update',3,0,1294,'','','',0,'','','120','2022-08-11 15:45:34','120','2022-08-11 15:45:34','\0'),
(1298,'åˆ é™¤é‚®ä»¶æ¸ é“','system:email-mailbox:delete',3,1,1294,'','','',0,'','','120','2022-08-11 15:45:58','120','2022-08-11 15:45:58','\0'),
(1299,'æ–°å¢é‚®ä»¶æ¸ é“','system:email-mailbox:create',3,2,1294,'','','',0,'','','120','2022-08-11 15:57:55','120','2022-08-11 15:57:55','\0'),
(1300,'æ–°å¢æ¨¡æ¿','system:email-template:create',3,0,1295,'','','',0,'','','120','2022-08-11 16:41:58','120','2022-08-11 16:41:58','\0'),
(1301,'å¯¼å‡ºæ¨¡æ¿','system:email-template:export',3,1,1295,'','','',0,'','','120','2022-08-11 16:42:19','120','2022-08-11 16:42:19','\0'),
(1302,'ä¿®æ”¹æ¨¡æ¿','system:email-template:update',3,2,1295,'','','',0,'','','120','2022-08-11 16:42:54','120','2022-08-11 16:42:54','\0'),
(1303,'åˆ é™¤æ¨¡æ¿','system:email-template:delete',3,3,1295,'','','',0,'','','120','2022-08-11 16:43:13','120','2022-08-11 16:43:13','\0');

/*Data for the table `system_notice` */

insert  into `system_notice`(`id`,`title`,`content`,`type`,`status`,`creator`,`create_time`,`updater`,`update_time`,`deleted`,`tenant_id`) values 
(1,'èŠ‹é“çš„å…¬ä¼—','<p>æ–°ç‰ˆæœ¬å†…å®¹133</p>',1,0,'admin','2021-01-05 17:03:48','1','2022-05-04 21:00:20','\0',1),
(2,'ç»´æŠ¤é€šçŸ¥ï¼š2018-07-01 è‹¥ä¾ç³»ç»Ÿå‡Œæ™¨ç»´æŠ¤','<p><img src=\"http://test.yudao.iocoder.cn/b7cb3cf49b4b3258bf7309a09dd2f4e5.jpg\">ç»´æŠ¤å†…å®¹</p>',2,1,'admin','2021-01-05 17:03:48','1','2022-05-11 12:34:24','\0',1),
(4,'æˆ‘æ˜¯æµ‹è¯•æ ‡é¢˜','<p>å“ˆå“ˆå“ˆå“ˆ123</p>',1,0,'110','2022-02-22 01:01:25','110','2022-02-22 01:01:46','\0',121);

/*Data for the table `system_oauth2_access_token` */

/*Data for the table `system_oauth2_approve` */

/*Data for the table `system_oauth2_client` */

insert  into `system_oauth2_client`(`id`,`client_id`,`secret`,`name`,`logo`,`description`,`status`,`access_token_validity_seconds`,`refresh_token_validity_seconds`,`redirect_uris`,`authorized_grant_types`,`scopes`,`auto_approve_scopes`,`authorities`,`resource_ids`,`additional_information`,`creator`,`create_time`,`updater`,`update_time`,`deleted`) values 
(1,'default','admin123','èŠ‹é“æºç ','http://test.yudao.iocoder.cn/a5e2e244368878a366b516805a4aabf1.png','æˆ‘æ˜¯æè¿°',0,999999999,8640,'[\"https://www.iocoder.cn\",\"https://doc.iocoder.cn\"]','[\"password\",\"authorization_code\",\"implicit\",\"refresh_token\"]','[\"user.read\",\"user.write\"]','[]','[\"user.read\",\"user.write\"]','[]','{}','1','2022-05-11 21:47:12','1','2022-05-23 13:33:11','\0'),
(40,'test','test2','biubiu','http://test.yudao.iocoder.cn/277a899d573723f1fcdfb57340f00379.png',NULL,0,1800,43200,'[\"https://www.iocoder.cn\"]','[\"password\",\"authorization_code\",\"implicit\"]','[\"user_info\",\"projects\"]','[\"user_info\"]','[]','[]','{}','1','2022-05-12 00:28:20','1','2022-05-14 15:11:31','\0');

/*Data for the table `system_oauth2_code` */

/*Data for the table `system_oauth2_refresh_token` */

/*Data for the table `system_operate_log` */

/*Data for the table `system_post` */

insert  into `system_post`(`id`,`code`,`name`,`sort`,`status`,`remark`,`creator`,`create_time`,`updater`,`update_time`,`deleted`,`tenant_id`) values 
(1,'ceo','è‘£äº‹é•¿',1,0,'','admin','2021-01-06 17:03:48','1','2022-04-19 16:53:39','\0',1),
(2,'se','é¡¹ç›®ç»ç†',2,0,'','admin','2021-01-05 17:03:48','1','2021-12-12 10:47:47','\0',1),
(4,'user','æ™®é€šå‘˜å·¥',4,0,'111','admin','2021-01-05 17:03:48','1','2022-05-04 22:46:35','\0',1);

/*Data for the table `system_role` */

insert  into `system_role`(`id`,`name`,`code`,`sort`,`data_scope`,`data_scope_dept_ids`,`status`,`type`,`remark`,`creator`,`create_time`,`updater`,`update_time`,`deleted`,`tenant_id`) values 
(1,'è¶…çº§ç®¡ç†å‘˜','super_admin',1,1,'',0,1,'è¶…çº§ç®¡ç†å‘˜','admin','2021-01-05 17:03:48','','2022-02-22 05:08:21','\0',1),
(2,'æ™®é€šè§’è‰²','common',2,2,'',0,1,'æ™®é€šè§’è‰²','admin','2021-01-05 17:03:48','','2022-02-22 05:08:20','\0',1),
(101,'æµ‹è¯•è´¦å·','test',0,1,'[]',0,2,'132','','2021-01-06 13:49:35','1','2022-04-01 21:37:13','\0',1),
(109,'ç§Ÿæˆ·ç®¡ç†å‘˜','tenant_admin',0,1,'',0,1,'ç³»ç»Ÿè‡ªåŠ¨ç”Ÿæˆ','1','2022-02-22 00:56:14','1','2022-02-22 00:56:14','\0',121),
(110,'æµ‹è¯•è§’è‰²','test',0,1,'[]',0,2,'å˜¿å˜¿','110','2022-02-23 00:14:34','110','2022-02-23 13:14:58','\0',121),
(111,'ç§Ÿæˆ·ç®¡ç†å‘˜','tenant_admin',0,1,'',0,1,'ç³»ç»Ÿè‡ªåŠ¨ç”Ÿæˆ','1','2022-03-07 21:37:58','1','2022-03-07 21:37:58','\0',122),
(113,'ç§Ÿæˆ·ç®¡ç†å‘˜','tenant_admin',0,1,'',0,1,'ç³»ç»Ÿè‡ªåŠ¨ç”Ÿæˆ','1','2022-05-17 10:07:10','1','2022-05-17 10:07:10','\0',124),
(123,'ç§Ÿæˆ·ç®¡ç†å‘˜','tenant_admin',0,1,'',0,1,'ç³»ç»Ÿè‡ªåŠ¨ç”Ÿæˆ','1','2022-06-24 18:18:20','1','2022-06-24 18:18:20','\0',134),
(124,'ç§Ÿæˆ·ç®¡ç†å‘˜','tenant_admin',0,1,'',0,1,'ç³»ç»Ÿè‡ªåŠ¨ç”Ÿæˆ','1','2022-07-18 00:57:05','1','2022-07-18 00:57:05','\0',135),
(128,'è´¢åŠ¡äººå‘˜','financial_officer',0,1,'[]',0,2,NULL,'120','2022-07-18 21:46:30','120','2022-08-05 16:45:29','\0',135),
(129,'æˆå‘˜','member',0,5,'[]',0,2,'å›¢é˜Ÿï¼ˆéƒ¨é—¨ï¼‰æˆå‘˜','120','2022-07-18 22:57:14','120','2022-08-09 17:00:59','\0',135),
(130,'è´Ÿè´£äºº','team_leader',0,4,'[]',0,2,'å›¢é˜Ÿï¼ˆéƒ¨é—¨ï¼‰è´Ÿè´£äºº','120','2022-07-18 22:57:56','120','2022-08-09 10:05:13','\0',135);

/*Data for the table `system_role_menu` */

insert  into `system_role_menu`(`id`,`role_id`,`menu_id`,`creator`,`create_time`,`updater`,`update_time`,`deleted`,`tenant_id`) values 
(263,109,1,'1','2022-02-22 00:56:14','1','2022-02-22 00:56:14','\0',121),
(434,2,1,'1','2022-02-22 13:09:12','1','2022-02-22 13:09:12','\0',1),
(454,2,1093,'1','2022-02-22 13:09:12','1','2022-02-22 13:09:12','\0',1),
(455,2,1094,'1','2022-02-22 13:09:12','1','2022-02-22 13:09:12','\0',1),
(460,2,1100,'1','2022-02-22 13:09:12','1','2022-02-22 13:09:12','\0',1),
(467,2,1107,'1','2022-02-22 13:09:12','1','2022-02-22 13:09:12','\0',1),
(470,2,1110,'1','2022-02-22 13:09:12','1','2022-02-22 13:09:12','\0',1),
(476,2,1117,'1','2022-02-22 13:09:12','1','2022-02-22 13:09:12','\0',1),
(477,2,100,'1','2022-02-22 13:09:12','1','2022-02-22 13:09:12','\0',1),
(478,2,101,'1','2022-02-22 13:09:12','1','2022-02-22 13:09:12','\0',1),
(479,2,102,'1','2022-02-22 13:09:12','1','2022-02-22 13:09:12','\0',1),
(480,2,1126,'1','2022-02-22 13:09:12','1','2022-02-22 13:09:12','\0',1),
(481,2,103,'1','2022-02-22 13:09:12','1','2022-02-22 13:09:12','\0',1),
(483,2,104,'1','2022-02-22 13:09:12','1','2022-02-22 13:09:12','\0',1),
(485,2,105,'1','2022-02-22 13:09:12','1','2022-02-22 13:09:12','\0',1),
(488,2,107,'1','2022-02-22 13:09:12','1','2022-02-22 13:09:12','\0',1),
(490,2,108,'1','2022-02-22 13:09:12','1','2022-02-22 13:09:12','\0',1),
(492,2,109,'1','2022-02-22 13:09:12','1','2022-02-22 13:09:12','\0',1),
(498,2,1138,'1','2022-02-22 13:09:12','1','2022-02-22 13:09:12','\0',1),
(523,2,1224,'1','2022-02-22 13:09:12','1','2022-02-22 13:09:12','\0',1),
(524,2,1225,'1','2022-02-22 13:09:12','1','2022-02-22 13:09:12','\0',1),
(541,2,500,'1','2022-02-22 13:09:12','1','2022-02-22 13:09:12','\0',1),
(543,2,501,'1','2022-02-22 13:09:12','1','2022-02-22 13:09:12','\0',1),
(675,2,2,'1','2022-02-22 13:16:57','1','2022-02-22 13:16:57','\0',1),
(689,2,1077,'1','2022-02-22 13:16:57','1','2022-02-22 13:16:57','\0',1),
(690,2,1078,'1','2022-02-22 13:16:57','1','2022-02-22 13:16:57','\0',1),
(692,2,1083,'1','2022-02-22 13:16:57','1','2022-02-22 13:16:57','\0',1),
(693,2,1084,'1','2022-02-22 13:16:57','1','2022-02-22 13:16:57','\0',1),
(699,2,1090,'1','2022-02-22 13:16:57','1','2022-02-22 13:16:57','\0',1),
(703,2,106,'1','2022-02-22 13:16:57','1','2022-02-22 13:16:57','\0',1),
(704,2,110,'1','2022-02-22 13:16:57','1','2022-02-22 13:16:57','\0',1),
(705,2,111,'1','2022-02-22 13:16:57','1','2022-02-22 13:16:57','\0',1),
(706,2,112,'1','2022-02-22 13:16:57','1','2022-02-22 13:16:57','\0',1),
(707,2,113,'1','2022-02-22 13:16:57','1','2022-02-22 13:16:57','\0',1),
(1296,110,1,'110','2022-02-23 00:23:55','110','2022-02-23 00:23:55','\0',121),
(1486,109,103,'1','2022-02-23 19:32:14','1','2022-02-23 19:32:14','\0',121),
(1487,109,104,'1','2022-02-23 19:32:14','1','2022-02-23 19:32:14','\0',121),
(1489,1,1,'1','2022-02-23 20:03:57','1','2022-02-23 20:03:57','\0',1),
(1490,1,2,'1','2022-02-23 20:03:57','1','2022-02-23 20:03:57','\0',1),
(1494,1,1077,'1','2022-02-23 20:03:57','1','2022-02-23 20:03:57','\0',1),
(1495,1,1078,'1','2022-02-23 20:03:57','1','2022-02-23 20:03:57','\0',1),
(1496,1,1083,'1','2022-02-23 20:03:57','1','2022-02-23 20:03:57','\0',1),
(1497,1,1084,'1','2022-02-23 20:03:57','1','2022-02-23 20:03:57','\0',1),
(1498,1,1090,'1','2022-02-23 20:03:57','1','2022-02-23 20:03:57','\0',1),
(1499,1,1093,'1','2022-02-23 20:03:57','1','2022-02-23 20:03:57','\0',1),
(1500,1,1094,'1','2022-02-23 20:03:57','1','2022-02-23 20:03:57','\0',1),
(1501,1,1100,'1','2022-02-23 20:03:57','1','2022-02-23 20:03:57','\0',1),
(1502,1,1107,'1','2022-02-23 20:03:57','1','2022-02-23 20:03:57','\0',1),
(1503,1,1110,'1','2022-02-23 20:03:57','1','2022-02-23 20:03:57','\0',1),
(1505,1,1117,'1','2022-02-23 20:03:57','1','2022-02-23 20:03:57','\0',1),
(1506,1,100,'1','2022-02-23 20:03:57','1','2022-02-23 20:03:57','\0',1),
(1507,1,101,'1','2022-02-23 20:03:57','1','2022-02-23 20:03:57','\0',1),
(1508,1,102,'1','2022-02-23 20:03:57','1','2022-02-23 20:03:57','\0',1),
(1509,1,1126,'1','2022-02-23 20:03:57','1','2022-02-23 20:03:57','\0',1),
(1510,1,103,'1','2022-02-23 20:03:57','1','2022-02-23 20:03:57','\0',1),
(1511,1,104,'1','2022-02-23 20:03:57','1','2022-02-23 20:03:57','\0',1),
(1512,1,105,'1','2022-02-23 20:03:57','1','2022-02-23 20:03:57','\0',1),
(1513,1,106,'1','2022-02-23 20:03:57','1','2022-02-23 20:03:57','\0',1),
(1514,1,107,'1','2022-02-23 20:03:57','1','2022-02-23 20:03:57','\0',1),
(1515,1,108,'1','2022-02-23 20:03:57','1','2022-02-23 20:03:57','\0',1),
(1516,1,109,'1','2022-02-23 20:03:57','1','2022-02-23 20:03:57','\0',1),
(1517,1,110,'1','2022-02-23 20:03:57','1','2022-02-23 20:03:57','\0',1),
(1518,1,111,'1','2022-02-23 20:03:57','1','2022-02-23 20:03:57','\0',1),
(1519,1,112,'1','2022-02-23 20:03:57','1','2022-02-23 20:03:57','\0',1),
(1520,1,113,'1','2022-02-23 20:03:57','1','2022-02-23 20:03:57','\0',1),
(1522,1,1138,'1','2022-02-23 20:03:57','1','2022-02-23 20:03:57','\0',1),
(1525,1,1224,'1','2022-02-23 20:03:57','1','2022-02-23 20:03:57','\0',1),
(1526,1,1225,'1','2022-02-23 20:03:57','1','2022-02-23 20:03:57','\0',1),
(1527,1,500,'1','2022-02-23 20:03:57','1','2022-02-23 20:03:57','\0',1),
(1528,1,501,'1','2022-02-23 20:03:57','1','2022-02-23 20:03:57','\0',1),
(1529,109,1024,'1','2022-02-23 20:30:14','1','2022-02-23 20:30:14','\0',121),
(1530,109,1025,'1','2022-02-23 20:30:14','1','2022-02-23 20:30:14','\0',121),
(1536,109,1017,'1','2022-02-23 20:30:14','1','2022-02-23 20:30:14','\0',121),
(1537,109,1018,'1','2022-02-23 20:30:14','1','2022-02-23 20:30:14','\0',121),
(1538,109,1019,'1','2022-02-23 20:30:14','1','2022-02-23 20:30:14','\0',121),
(1539,109,1020,'1','2022-02-23 20:30:14','1','2022-02-23 20:30:14','\0',121),
(1540,109,1021,'1','2022-02-23 20:30:14','1','2022-02-23 20:30:14','\0',121),
(1541,109,1022,'1','2022-02-23 20:30:14','1','2022-02-23 20:30:14','\0',121),
(1542,109,1023,'1','2022-02-23 20:30:14','1','2022-02-23 20:30:14','\0',121),
(1576,111,1024,'1','2022-03-07 21:37:58','1','2022-03-07 21:37:58','\0',122),
(1577,111,1025,'1','2022-03-07 21:37:58','1','2022-03-07 21:37:58','\0',122),
(1578,111,1,'1','2022-03-07 21:37:58','1','2022-03-07 21:37:58','\0',122),
(1584,111,103,'1','2022-03-07 21:37:58','1','2022-03-07 21:37:58','\0',122),
(1585,111,104,'1','2022-03-07 21:37:58','1','2022-03-07 21:37:58','\0',122),
(1587,111,1017,'1','2022-03-07 21:37:58','1','2022-03-07 21:37:58','\0',122),
(1588,111,1018,'1','2022-03-07 21:37:58','1','2022-03-07 21:37:58','\0',122),
(1589,111,1019,'1','2022-03-07 21:37:58','1','2022-03-07 21:37:58','\0',122),
(1590,111,1020,'1','2022-03-07 21:37:58','1','2022-03-07 21:37:58','\0',122),
(1591,111,1021,'1','2022-03-07 21:37:58','1','2022-03-07 21:37:58','\0',122),
(1592,111,1022,'1','2022-03-07 21:37:58','1','2022-03-07 21:37:58','\0',122),
(1593,111,1023,'1','2022-03-07 21:37:58','1','2022-03-07 21:37:58','\0',122),
(1594,109,102,'1','2022-03-19 18:39:13','1','2022-03-19 18:39:13','\0',121),
(1595,109,1013,'1','2022-03-19 18:39:13','1','2022-03-19 18:39:13','\0',121),
(1596,109,1014,'1','2022-03-19 18:39:13','1','2022-03-19 18:39:13','\0',121),
(1597,109,1015,'1','2022-03-19 18:39:13','1','2022-03-19 18:39:13','\0',121),
(1598,109,1016,'1','2022-03-19 18:39:13','1','2022-03-19 18:39:13','\0',121),
(1599,111,102,'1','2022-03-19 18:39:13','1','2022-03-19 18:39:13','\0',122),
(1600,111,1013,'1','2022-03-19 18:39:13','1','2022-03-19 18:39:13','\0',122),
(1601,111,1014,'1','2022-03-19 18:39:13','1','2022-03-19 18:39:13','\0',122),
(1602,111,1015,'1','2022-03-19 18:39:13','1','2022-03-19 18:39:13','\0',122),
(1603,111,1016,'1','2022-03-19 18:39:13','1','2022-03-19 18:39:13','\0',122),
(1604,101,1216,'1','2022-03-19 21:45:52','1','2022-03-19 21:45:52','\0',1),
(1605,101,1217,'1','2022-03-19 21:45:52','1','2022-03-19 21:45:52','\0',1),
(1606,101,1218,'1','2022-03-19 21:45:52','1','2022-03-19 21:45:52','\0',1),
(1607,101,1219,'1','2022-03-19 21:45:52','1','2022-03-19 21:45:52','\0',1),
(1608,101,1220,'1','2022-03-19 21:45:52','1','2022-03-19 21:45:52','\0',1),
(1609,101,1221,'1','2022-03-19 21:45:52','1','2022-03-19 21:45:52','\0',1),
(1610,101,5,'1','2022-03-19 21:45:52','1','2022-03-19 21:45:52','\0',1),
(1611,101,1222,'1','2022-03-19 21:45:52','1','2022-03-19 21:45:52','\0',1),
(1612,101,1118,'1','2022-03-19 21:45:52','1','2022-03-19 21:45:52','\0',1),
(1613,101,1119,'1','2022-03-19 21:45:52','1','2022-03-19 21:45:52','\0',1),
(1614,101,1120,'1','2022-03-19 21:45:52','1','2022-03-19 21:45:52','\0',1),
(1615,101,1185,'1','2022-03-19 21:45:52','1','2022-03-19 21:45:52','\0',1),
(1616,101,1186,'1','2022-03-19 21:45:52','1','2022-03-19 21:45:52','\0',1),
(1617,101,1187,'1','2022-03-19 21:45:52','1','2022-03-19 21:45:52','\0',1),
(1618,101,1188,'1','2022-03-19 21:45:52','1','2022-03-19 21:45:52','\0',1),
(1619,101,1189,'1','2022-03-19 21:45:52','1','2022-03-19 21:45:52','\0',1),
(1620,101,1190,'1','2022-03-19 21:45:52','1','2022-03-19 21:45:52','\0',1),
(1621,101,1191,'1','2022-03-19 21:45:52','1','2022-03-19 21:45:52','\0',1),
(1622,101,1192,'1','2022-03-19 21:45:52','1','2022-03-19 21:45:52','\0',1),
(1623,101,1193,'1','2022-03-19 21:45:52','1','2022-03-19 21:45:52','\0',1),
(1624,101,1194,'1','2022-03-19 21:45:52','1','2022-03-19 21:45:52','\0',1),
(1625,101,1195,'1','2022-03-19 21:45:52','1','2022-03-19 21:45:52','\0',1),
(1626,101,1196,'1','2022-03-19 21:45:52','1','2022-03-19 21:45:52','\0',1),
(1627,101,1197,'1','2022-03-19 21:45:52','1','2022-03-19 21:45:52','\0',1),
(1628,101,1198,'1','2022-03-19 21:45:52','1','2022-03-19 21:45:52','\0',1),
(1629,101,1199,'1','2022-03-19 21:45:52','1','2022-03-19 21:45:52','\0',1),
(1630,101,1200,'1','2022-03-19 21:45:52','1','2022-03-19 21:45:52','\0',1),
(1631,101,1201,'1','2022-03-19 21:45:52','1','2022-03-19 21:45:52','\0',1),
(1632,101,1202,'1','2022-03-19 21:45:52','1','2022-03-19 21:45:52','\0',1),
(1633,101,1207,'1','2022-03-19 21:45:52','1','2022-03-19 21:45:52','\0',1),
(1634,101,1208,'1','2022-03-19 21:45:52','1','2022-03-19 21:45:52','\0',1),
(1635,101,1209,'1','2022-03-19 21:45:52','1','2022-03-19 21:45:52','\0',1),
(1636,101,1210,'1','2022-03-19 21:45:52','1','2022-03-19 21:45:52','\0',1),
(1637,101,1211,'1','2022-03-19 21:45:52','1','2022-03-19 21:45:52','\0',1),
(1638,101,1212,'1','2022-03-19 21:45:52','1','2022-03-19 21:45:52','\0',1),
(1639,101,1213,'1','2022-03-19 21:45:52','1','2022-03-19 21:45:52','\0',1),
(1640,101,1215,'1','2022-03-19 21:45:52','1','2022-03-19 21:45:52','\0',1),
(1641,101,2,'1','2022-04-01 22:21:24','1','2022-04-01 22:21:24','\0',1),
(1642,101,1031,'1','2022-04-01 22:21:37','1','2022-04-01 22:21:37','\0',1),
(1643,101,1032,'1','2022-04-01 22:21:37','1','2022-04-01 22:21:37','\0',1),
(1644,101,1033,'1','2022-04-01 22:21:37','1','2022-04-01 22:21:37','\0',1),
(1645,101,1034,'1','2022-04-01 22:21:37','1','2022-04-01 22:21:37','\0',1),
(1646,101,1035,'1','2022-04-01 22:21:37','1','2022-04-01 22:21:37','\0',1),
(1647,101,1050,'1','2022-04-01 22:21:37','1','2022-04-01 22:21:37','\0',1),
(1648,101,1051,'1','2022-04-01 22:21:37','1','2022-04-01 22:21:37','\0',1),
(1649,101,1052,'1','2022-04-01 22:21:37','1','2022-04-01 22:21:37','\0',1),
(1650,101,1053,'1','2022-04-01 22:21:37','1','2022-04-01 22:21:37','\0',1),
(1651,101,1054,'1','2022-04-01 22:21:37','1','2022-04-01 22:21:37','\0',1),
(1652,101,1056,'1','2022-04-01 22:21:37','1','2022-04-01 22:21:37','\0',1),
(1653,101,1057,'1','2022-04-01 22:21:37','1','2022-04-01 22:21:37','\0',1),
(1654,101,1058,'1','2022-04-01 22:21:37','1','2022-04-01 22:21:37','\0',1),
(1655,101,1059,'1','2022-04-01 22:21:37','1','2022-04-01 22:21:37','\0',1),
(1656,101,1060,'1','2022-04-01 22:21:37','1','2022-04-01 22:21:37','\0',1),
(1657,101,1066,'1','2022-04-01 22:21:37','1','2022-04-01 22:21:37','\0',1),
(1658,101,1067,'1','2022-04-01 22:21:37','1','2022-04-01 22:21:37','\0',1),
(1659,101,1070,'1','2022-04-01 22:21:37','1','2022-04-01 22:21:37','\0',1),
(1660,101,1071,'1','2022-04-01 22:21:37','1','2022-04-01 22:21:37','\0',1),
(1661,101,1072,'1','2022-04-01 22:21:37','1','2022-04-01 22:21:37','\0',1),
(1662,101,1073,'1','2022-04-01 22:21:37','1','2022-04-01 22:21:37','\0',1),
(1663,101,1074,'1','2022-04-01 22:21:37','1','2022-04-01 22:21:37','\0',1),
(1664,101,1075,'1','2022-04-01 22:21:37','1','2022-04-01 22:21:37','\0',1),
(1665,101,1076,'1','2022-04-01 22:21:37','1','2022-04-01 22:21:37','\0',1),
(1666,101,1077,'1','2022-04-01 22:21:37','1','2022-04-01 22:21:37','\0',1),
(1667,101,1078,'1','2022-04-01 22:21:37','1','2022-04-01 22:21:37','\0',1),
(1668,101,1082,'1','2022-04-01 22:21:37','1','2022-04-01 22:21:37','\0',1),
(1669,101,1083,'1','2022-04-01 22:21:37','1','2022-04-01 22:21:37','\0',1),
(1670,101,1084,'1','2022-04-01 22:21:37','1','2022-04-01 22:21:37','\0',1),
(1671,101,1085,'1','2022-04-01 22:21:37','1','2022-04-01 22:21:37','\0',1),
(1672,101,1086,'1','2022-04-01 22:21:37','1','2022-04-01 22:21:37','\0',1),
(1673,101,1087,'1','2022-04-01 22:21:37','1','2022-04-01 22:21:37','\0',1),
(1674,101,1088,'1','2022-04-01 22:21:37','1','2022-04-01 22:21:37','\0',1),
(1675,101,1089,'1','2022-04-01 22:21:37','1','2022-04-01 22:21:37','\0',1),
(1676,101,1090,'1','2022-04-01 22:21:37','1','2022-04-01 22:21:37','\0',1),
(1677,101,1091,'1','2022-04-01 22:21:37','1','2022-04-01 22:21:37','\0',1),
(1678,101,1092,'1','2022-04-01 22:21:37','1','2022-04-01 22:21:37','\0',1),
(1679,101,1237,'1','2022-04-01 22:21:37','1','2022-04-01 22:21:37','\0',1),
(1680,101,1238,'1','2022-04-01 22:21:37','1','2022-04-01 22:21:37','\0',1),
(1681,101,1239,'1','2022-04-01 22:21:37','1','2022-04-01 22:21:37','\0',1),
(1682,101,1240,'1','2022-04-01 22:21:37','1','2022-04-01 22:21:37','\0',1),
(1683,101,1241,'1','2022-04-01 22:21:37','1','2022-04-01 22:21:37','\0',1),
(1684,101,1242,'1','2022-04-01 22:21:37','1','2022-04-01 22:21:37','\0',1),
(1685,101,1243,'1','2022-04-01 22:21:37','1','2022-04-01 22:21:37','\0',1),
(1687,101,106,'1','2022-04-01 22:21:37','1','2022-04-01 22:21:37','\0',1),
(1688,101,110,'1','2022-04-01 22:21:37','1','2022-04-01 22:21:37','\0',1),
(1689,101,111,'1','2022-04-01 22:21:37','1','2022-04-01 22:21:37','\0',1),
(1690,101,112,'1','2022-04-01 22:21:37','1','2022-04-01 22:21:37','\0',1),
(1691,101,113,'1','2022-04-01 22:21:37','1','2022-04-01 22:21:37','\0',1),
(1692,101,114,'1','2022-04-01 22:21:37','1','2022-04-01 22:21:37','\0',1),
(1693,101,115,'1','2022-04-01 22:21:37','1','2022-04-01 22:21:37','\0',1),
(1694,101,116,'1','2022-04-01 22:21:37','1','2022-04-01 22:21:37','\0',1),
(1712,113,1024,'1','2022-05-17 10:07:10','1','2022-05-17 10:07:10','\0',124),
(1713,113,1025,'1','2022-05-17 10:07:10','1','2022-05-17 10:07:10','\0',124),
(1714,113,1,'1','2022-05-17 10:07:10','1','2022-05-17 10:07:10','\0',124),
(1715,113,102,'1','2022-05-17 10:07:10','1','2022-05-17 10:07:10','\0',124),
(1716,113,103,'1','2022-05-17 10:07:10','1','2022-05-17 10:07:10','\0',124),
(1717,113,104,'1','2022-05-17 10:07:10','1','2022-05-17 10:07:10','\0',124),
(1718,113,1013,'1','2022-05-17 10:07:10','1','2022-05-17 10:07:10','\0',124),
(1719,113,1014,'1','2022-05-17 10:07:10','1','2022-05-17 10:07:10','\0',124),
(1720,113,1015,'1','2022-05-17 10:07:10','1','2022-05-17 10:07:10','\0',124),
(1721,113,1016,'1','2022-05-17 10:07:10','1','2022-05-17 10:07:10','\0',124),
(1722,113,1017,'1','2022-05-17 10:07:10','1','2022-05-17 10:07:10','\0',124),
(1723,113,1018,'1','2022-05-17 10:07:10','1','2022-05-17 10:07:10','\0',124),
(1724,113,1019,'1','2022-05-17 10:07:10','1','2022-05-17 10:07:10','\0',124),
(1725,113,1020,'1','2022-05-17 10:07:10','1','2022-05-17 10:07:10','\0',124),
(1726,113,1021,'1','2022-05-17 10:07:10','1','2022-05-17 10:07:10','\0',124),
(1727,113,1022,'1','2022-05-17 10:07:10','1','2022-05-17 10:07:10','\0',124),
(1728,113,1023,'1','2022-05-17 10:07:10','1','2022-05-17 10:07:10','\0',124),
(1882,123,1024,'1','2022-06-24 18:18:20','1','2022-06-24 18:18:20','\0',134),
(1883,123,1025,'1','2022-06-24 18:18:20','1','2022-06-24 18:18:20','\0',134),
(1884,123,1,'1','2022-06-24 18:18:20','1','2022-06-24 18:18:20','\0',134),
(1885,123,102,'1','2022-06-24 18:18:20','1','2022-06-24 18:18:20','\0',134),
(1886,123,103,'1','2022-06-24 18:18:20','1','2022-06-24 18:18:20','\0',134),
(1887,123,104,'1','2022-06-24 18:18:20','1','2022-06-24 18:18:20','\0',134),
(1888,123,1013,'1','2022-06-24 18:18:20','1','2022-06-24 18:18:20','\0',134),
(1889,123,1014,'1','2022-06-24 18:18:20','1','2022-06-24 18:18:20','\0',134),
(1890,123,1015,'1','2022-06-24 18:18:20','1','2022-06-24 18:18:20','\0',134),
(1891,123,1016,'1','2022-06-24 18:18:20','1','2022-06-24 18:18:20','\0',134),
(1892,123,1017,'1','2022-06-24 18:18:20','1','2022-06-24 18:18:20','\0',134),
(1893,123,1018,'1','2022-06-24 18:18:20','1','2022-06-24 18:18:20','\0',134),
(1894,123,1019,'1','2022-06-24 18:18:20','1','2022-06-24 18:18:20','\0',134),
(1895,123,1020,'1','2022-06-24 18:18:20','1','2022-06-24 18:18:20','\0',134),
(1896,123,1021,'1','2022-06-24 18:18:20','1','2022-06-24 18:18:20','\0',134),
(1897,123,1022,'1','2022-06-24 18:18:20','1','2022-06-24 18:18:20','\0',134),
(1898,123,1023,'1','2022-06-24 18:18:20','1','2022-06-24 18:18:20','\0',134),
(1899,1,1024,'1','2022-07-14 23:31:37','1','2022-07-14 23:31:37','\0',1),
(1900,1,1025,'1','2022-07-14 23:31:37','1','2022-07-14 23:31:37','\0',1),
(1901,1,1026,'1','2022-07-14 23:31:37','1','2022-07-14 23:31:37','\0',1),
(1902,1,1027,'1','2022-07-14 23:31:37','1','2022-07-14 23:31:37','\0',1),
(1903,1,1028,'1','2022-07-14 23:31:37','1','2022-07-14 23:31:37','\0',1),
(1904,1,1029,'1','2022-07-14 23:31:37','1','2022-07-14 23:31:37','\0',1),
(1905,1,5,'1','2022-07-14 23:31:37','1','2022-07-14 23:31:37','\0',1),
(1906,1,1030,'1','2022-07-14 23:31:37','1','2022-07-14 23:31:37','\0',1),
(1907,1,1031,'1','2022-07-14 23:31:37','1','2022-07-14 23:31:37','\0',1),
(1908,1,1032,'1','2022-07-14 23:31:37','1','2022-07-14 23:31:37','\0',1),
(1909,1,1033,'1','2022-07-14 23:31:37','1','2022-07-14 23:31:37','\0',1),
(1910,1,1034,'1','2022-07-14 23:31:37','1','2022-07-14 23:31:37','\0',1),
(1911,1,1035,'1','2022-07-14 23:31:37','1','2022-07-14 23:31:37','\0',1),
(1912,1,1036,'1','2022-07-14 23:31:37','1','2022-07-14 23:31:37','\0',1),
(1913,1,1037,'1','2022-07-14 23:31:37','1','2022-07-14 23:31:37','\0',1),
(1914,1,1038,'1','2022-07-14 23:31:37','1','2022-07-14 23:31:37','\0',1),
(1915,1,1039,'1','2022-07-14 23:31:37','1','2022-07-14 23:31:37','\0',1),
(1916,1,1040,'1','2022-07-14 23:31:37','1','2022-07-14 23:31:37','\0',1),
(1917,1,1042,'1','2022-07-14 23:31:37','1','2022-07-14 23:31:37','\0',1),
(1918,1,1043,'1','2022-07-14 23:31:37','1','2022-07-14 23:31:37','\0',1),
(1919,1,1045,'1','2022-07-14 23:31:37','1','2022-07-14 23:31:37','\0',1),
(1920,1,1046,'1','2022-07-14 23:31:37','1','2022-07-14 23:31:37','\0',1),
(1921,1,1048,'1','2022-07-14 23:31:37','1','2022-07-14 23:31:37','\0',1),
(1922,1,1050,'1','2022-07-14 23:31:37','1','2022-07-14 23:31:37','\0',1),
(1923,1,1051,'1','2022-07-14 23:31:37','1','2022-07-14 23:31:37','\0',1),
(1924,1,1052,'1','2022-07-14 23:31:37','1','2022-07-14 23:31:37','\0',1),
(1925,1,1053,'1','2022-07-14 23:31:37','1','2022-07-14 23:31:37','\0',1),
(1926,1,1054,'1','2022-07-14 23:31:37','1','2022-07-14 23:31:37','\0',1),
(1927,1,1056,'1','2022-07-14 23:31:37','1','2022-07-14 23:31:37','\0',1),
(1928,1,1057,'1','2022-07-14 23:31:37','1','2022-07-14 23:31:37','\0',1),
(1929,1,1058,'1','2022-07-14 23:31:37','1','2022-07-14 23:31:37','\0',1),
(1930,1,1059,'1','2022-07-14 23:31:37','1','2022-07-14 23:31:37','\0',1),
(1931,1,1060,'1','2022-07-14 23:31:37','1','2022-07-14 23:31:37','\0',1),
(1932,1,1063,'1','2022-07-14 23:31:37','1','2022-07-14 23:31:37','\0',1),
(1933,1,1064,'1','2022-07-14 23:31:37','1','2022-07-14 23:31:37','\0',1),
(1934,1,1065,'1','2022-07-14 23:31:37','1','2022-07-14 23:31:37','\0',1),
(1935,1,1066,'1','2022-07-14 23:31:37','1','2022-07-14 23:31:37','\0',1),
(1936,1,1067,'1','2022-07-14 23:31:37','1','2022-07-14 23:31:37','\0',1),
(1937,1,1070,'1','2022-07-14 23:31:37','1','2022-07-14 23:31:37','\0',1),
(1938,1,1071,'1','2022-07-14 23:31:37','1','2022-07-14 23:31:37','\0',1),
(1939,1,1072,'1','2022-07-14 23:31:37','1','2022-07-14 23:31:37','\0',1),
(1940,1,1073,'1','2022-07-14 23:31:37','1','2022-07-14 23:31:37','\0',1),
(1941,1,1074,'1','2022-07-14 23:31:37','1','2022-07-14 23:31:37','\0',1),
(1942,1,1075,'1','2022-07-14 23:31:37','1','2022-07-14 23:31:37','\0',1),
(1943,1,1076,'1','2022-07-14 23:31:37','1','2022-07-14 23:31:37','\0',1),
(1944,1,1082,'1','2022-07-14 23:31:37','1','2022-07-14 23:31:37','\0',1),
(1945,1,1085,'1','2022-07-14 23:31:37','1','2022-07-14 23:31:37','\0',1),
(1946,1,1086,'1','2022-07-14 23:31:37','1','2022-07-14 23:31:37','\0',1),
(1947,1,1087,'1','2022-07-14 23:31:37','1','2022-07-14 23:31:37','\0',1),
(1948,1,1088,'1','2022-07-14 23:31:37','1','2022-07-14 23:31:37','\0',1),
(1949,1,1089,'1','2022-07-14 23:31:37','1','2022-07-14 23:31:37','\0',1),
(1950,1,1091,'1','2022-07-14 23:31:37','1','2022-07-14 23:31:37','\0',1),
(1951,1,1092,'1','2022-07-14 23:31:37','1','2022-07-14 23:31:37','\0',1),
(1952,1,1095,'1','2022-07-14 23:31:37','1','2022-07-14 23:31:37','\0',1),
(1953,1,1096,'1','2022-07-14 23:31:37','1','2022-07-14 23:31:37','\0',1),
(1954,1,1097,'1','2022-07-14 23:31:37','1','2022-07-14 23:31:37','\0',1),
(1955,1,1098,'1','2022-07-14 23:31:37','1','2022-07-14 23:31:37','\0',1),
(1956,1,1101,'1','2022-07-14 23:31:37','1','2022-07-14 23:31:37','\0',1),
(1957,1,1102,'1','2022-07-14 23:31:37','1','2022-07-14 23:31:37','\0',1),
(1958,1,1103,'1','2022-07-14 23:31:37','1','2022-07-14 23:31:37','\0',1),
(1959,1,1104,'1','2022-07-14 23:31:37','1','2022-07-14 23:31:37','\0',1),
(1960,1,1105,'1','2022-07-14 23:31:37','1','2022-07-14 23:31:37','\0',1),
(1961,1,1106,'1','2022-07-14 23:31:37','1','2022-07-14 23:31:37','\0',1),
(1962,1,1108,'1','2022-07-14 23:31:37','1','2022-07-14 23:31:37','\0',1),
(1963,1,1109,'1','2022-07-14 23:31:37','1','2022-07-14 23:31:37','\0',1),
(1964,1,1111,'1','2022-07-14 23:31:37','1','2022-07-14 23:31:37','\0',1),
(1965,1,1112,'1','2022-07-14 23:31:37','1','2022-07-14 23:31:37','\0',1),
(1966,1,1113,'1','2022-07-14 23:31:37','1','2022-07-14 23:31:37','\0',1),
(1967,1,1114,'1','2022-07-14 23:31:37','1','2022-07-14 23:31:37','\0',1),
(1968,1,1115,'1','2022-07-14 23:31:37','1','2022-07-14 23:31:37','\0',1),
(1969,1,1118,'1','2022-07-14 23:31:37','1','2022-07-14 23:31:37','\0',1),
(1970,1,1119,'1','2022-07-14 23:31:37','1','2022-07-14 23:31:37','\0',1),
(1971,1,1120,'1','2022-07-14 23:31:37','1','2022-07-14 23:31:37','\0',1),
(1972,1,1127,'1','2022-07-14 23:31:37','1','2022-07-14 23:31:37','\0',1),
(1973,1,1128,'1','2022-07-14 23:31:37','1','2022-07-14 23:31:37','\0',1),
(1974,1,1129,'1','2022-07-14 23:31:37','1','2022-07-14 23:31:37','\0',1),
(1975,1,1130,'1','2022-07-14 23:31:37','1','2022-07-14 23:31:37','\0',1),
(1976,1,1131,'1','2022-07-14 23:31:37','1','2022-07-14 23:31:37','\0',1),
(1977,1,1132,'1','2022-07-14 23:31:37','1','2022-07-14 23:31:37','\0',1),
(1978,1,1133,'1','2022-07-14 23:31:37','1','2022-07-14 23:31:37','\0',1),
(1979,1,1134,'1','2022-07-14 23:31:37','1','2022-07-14 23:31:37','\0',1),
(1980,1,1135,'1','2022-07-14 23:31:37','1','2022-07-14 23:31:37','\0',1),
(1981,1,1136,'1','2022-07-14 23:31:37','1','2022-07-14 23:31:37','\0',1),
(1982,1,1137,'1','2022-07-14 23:31:37','1','2022-07-14 23:31:37','\0',1),
(1983,1,114,'1','2022-07-14 23:31:37','1','2022-07-14 23:31:37','\0',1),
(1984,1,1139,'1','2022-07-14 23:31:37','1','2022-07-14 23:31:37','\0',1),
(1985,1,115,'1','2022-07-14 23:31:37','1','2022-07-14 23:31:37','\0',1),
(1986,1,1140,'1','2022-07-14 23:31:37','1','2022-07-14 23:31:37','\0',1),
(1987,1,116,'1','2022-07-14 23:31:37','1','2022-07-14 23:31:37','\0',1),
(1988,1,1141,'1','2022-07-14 23:31:37','1','2022-07-14 23:31:37','\0',1),
(1989,1,1142,'1','2022-07-14 23:31:37','1','2022-07-14 23:31:37','\0',1),
(1990,1,1143,'1','2022-07-14 23:31:37','1','2022-07-14 23:31:37','\0',1),
(1991,1,1150,'1','2022-07-14 23:31:37','1','2022-07-14 23:31:37','\0',1),
(1992,1,1161,'1','2022-07-14 23:31:37','1','2022-07-14 23:31:37','\0',1),
(1993,1,1162,'1','2022-07-14 23:31:37','1','2022-07-14 23:31:37','\0',1),
(1994,1,1163,'1','2022-07-14 23:31:37','1','2022-07-14 23:31:37','\0',1),
(1995,1,1164,'1','2022-07-14 23:31:37','1','2022-07-14 23:31:37','\0',1),
(1996,1,1165,'1','2022-07-14 23:31:37','1','2022-07-14 23:31:37','\0',1),
(1997,1,1166,'1','2022-07-14 23:31:37','1','2022-07-14 23:31:37','\0',1),
(1998,1,1173,'1','2022-07-14 23:31:37','1','2022-07-14 23:31:37','\0',1),
(1999,1,1174,'1','2022-07-14 23:31:37','1','2022-07-14 23:31:37','\0',1),
(2000,1,1175,'1','2022-07-14 23:31:37','1','2022-07-14 23:31:37','\0',1),
(2001,1,1176,'1','2022-07-14 23:31:37','1','2022-07-14 23:31:37','\0',1),
(2002,1,1177,'1','2022-07-14 23:31:37','1','2022-07-14 23:31:37','\0',1),
(2003,1,1178,'1','2022-07-14 23:31:37','1','2022-07-14 23:31:37','\0',1),
(2004,1,1179,'1','2022-07-14 23:31:37','1','2022-07-14 23:31:37','\0',1),
(2005,1,1180,'1','2022-07-14 23:31:37','1','2022-07-14 23:31:37','\0',1),
(2006,1,1181,'1','2022-07-14 23:31:37','1','2022-07-14 23:31:37','\0',1),
(2007,1,1182,'1','2022-07-14 23:31:37','1','2022-07-14 23:31:37','\0',1),
(2008,1,1183,'1','2022-07-14 23:31:37','1','2022-07-14 23:31:37','\0',1),
(2009,1,1184,'1','2022-07-14 23:31:37','1','2022-07-14 23:31:37','\0',1),
(2010,1,1185,'1','2022-07-14 23:31:37','1','2022-07-14 23:31:37','\0',1),
(2011,1,1186,'1','2022-07-14 23:31:37','1','2022-07-14 23:31:37','\0',1),
(2012,1,1187,'1','2022-07-14 23:31:37','1','2022-07-14 23:31:37','\0',1),
(2013,1,1188,'1','2022-07-14 23:31:37','1','2022-07-14 23:31:37','\0',1),
(2014,1,1189,'1','2022-07-14 23:31:37','1','2022-07-14 23:31:37','\0',1),
(2015,1,1190,'1','2022-07-14 23:31:37','1','2022-07-14 23:31:37','\0',1),
(2016,1,1191,'1','2022-07-14 23:31:37','1','2022-07-14 23:31:37','\0',1),
(2017,1,1192,'1','2022-07-14 23:31:37','1','2022-07-14 23:31:37','\0',1),
(2018,1,1193,'1','2022-07-14 23:31:37','1','2022-07-14 23:31:37','\0',1),
(2019,1,1194,'1','2022-07-14 23:31:37','1','2022-07-14 23:31:37','\0',1),
(2020,1,1195,'1','2022-07-14 23:31:37','1','2022-07-14 23:31:37','\0',1),
(2021,1,1196,'1','2022-07-14 23:31:37','1','2022-07-14 23:31:37','\0',1),
(2022,1,1197,'1','2022-07-14 23:31:37','1','2022-07-14 23:31:37','\0',1),
(2023,1,1198,'1','2022-07-14 23:31:37','1','2022-07-14 23:31:37','\0',1),
(2024,1,1199,'1','2022-07-14 23:31:37','1','2022-07-14 23:31:37','\0',1),
(2025,1,1200,'1','2022-07-14 23:31:37','1','2022-07-14 23:31:37','\0',1),
(2026,1,1201,'1','2022-07-14 23:31:37','1','2022-07-14 23:31:37','\0',1),
(2027,1,1202,'1','2022-07-14 23:31:37','1','2022-07-14 23:31:37','\0',1),
(2028,1,1207,'1','2022-07-14 23:31:37','1','2022-07-14 23:31:37','\0',1),
(2029,1,1208,'1','2022-07-14 23:31:37','1','2022-07-14 23:31:37','\0',1),
(2030,1,1209,'1','2022-07-14 23:31:37','1','2022-07-14 23:31:37','\0',1),
(2031,1,1210,'1','2022-07-14 23:31:37','1','2022-07-14 23:31:37','\0',1),
(2032,1,1211,'1','2022-07-14 23:31:37','1','2022-07-14 23:31:37','\0',1),
(2033,1,1212,'1','2022-07-14 23:31:37','1','2022-07-14 23:31:37','\0',1),
(2034,1,1213,'1','2022-07-14 23:31:37','1','2022-07-14 23:31:37','\0',1),
(2035,1,1215,'1','2022-07-14 23:31:37','1','2022-07-14 23:31:37','\0',1),
(2036,1,1216,'1','2022-07-14 23:31:37','1','2022-07-14 23:31:37','\0',1),
(2037,1,1217,'1','2022-07-14 23:31:37','1','2022-07-14 23:31:37','\0',1),
(2038,1,1218,'1','2022-07-14 23:31:37','1','2022-07-14 23:31:37','\0',1),
(2039,1,1219,'1','2022-07-14 23:31:37','1','2022-07-14 23:31:37','\0',1),
(2040,1,1220,'1','2022-07-14 23:31:37','1','2022-07-14 23:31:37','\0',1),
(2041,1,1221,'1','2022-07-14 23:31:37','1','2022-07-14 23:31:37','\0',1),
(2042,1,1222,'1','2022-07-14 23:31:37','1','2022-07-14 23:31:37','\0',1),
(2043,1,1226,'1','2022-07-14 23:31:37','1','2022-07-14 23:31:37','\0',1),
(2044,1,1227,'1','2022-07-14 23:31:37','1','2022-07-14 23:31:37','\0',1),
(2045,1,1228,'1','2022-07-14 23:31:37','1','2022-07-14 23:31:37','\0',1),
(2046,1,1229,'1','2022-07-14 23:31:37','1','2022-07-14 23:31:37','\0',1),
(2047,1,1237,'1','2022-07-14 23:31:37','1','2022-07-14 23:31:37','\0',1),
(2048,1,1238,'1','2022-07-14 23:31:37','1','2022-07-14 23:31:37','\0',1),
(2049,1,1239,'1','2022-07-14 23:31:37','1','2022-07-14 23:31:37','\0',1),
(2050,1,1240,'1','2022-07-14 23:31:37','1','2022-07-14 23:31:37','\0',1),
(2051,1,1241,'1','2022-07-14 23:31:37','1','2022-07-14 23:31:37','\0',1),
(2052,1,1242,'1','2022-07-14 23:31:37','1','2022-07-14 23:31:37','\0',1),
(2053,1,1243,'1','2022-07-14 23:31:37','1','2022-07-14 23:31:37','\0',1),
(2054,1,1247,'1','2022-07-14 23:31:37','1','2022-07-14 23:31:37','\0',1),
(2055,1,1248,'1','2022-07-14 23:31:37','1','2022-07-14 23:31:37','\0',1),
(2056,1,1249,'1','2022-07-14 23:31:37','1','2022-07-14 23:31:37','\0',1),
(2057,1,1250,'1','2022-07-14 23:31:37','1','2022-07-14 23:31:37','\0',1),
(2058,1,1251,'1','2022-07-14 23:31:37','1','2022-07-14 23:31:37','\0',1),
(2059,1,1252,'1','2022-07-14 23:31:37','1','2022-07-14 23:31:37','\0',1),
(2060,1,1254,'1','2022-07-14 23:31:37','1','2022-07-14 23:31:37','\0',1),
(2061,1,1255,'1','2022-07-14 23:31:37','1','2022-07-14 23:31:37','\0',1),
(2062,1,1256,'1','2022-07-14 23:31:37','1','2022-07-14 23:31:37','\0',1),
(2063,1,1257,'1','2022-07-14 23:31:37','1','2022-07-14 23:31:37','\0',1),
(2064,1,1258,'1','2022-07-14 23:31:37','1','2022-07-14 23:31:37','\0',1),
(2065,1,1259,'1','2022-07-14 23:31:37','1','2022-07-14 23:31:37','\0',1),
(2066,1,1260,'1','2022-07-14 23:31:37','1','2022-07-14 23:31:37','\0',1),
(2067,1,1261,'1','2022-07-14 23:31:37','1','2022-07-14 23:31:37','\0',1),
(2068,1,1263,'1','2022-07-14 23:31:37','1','2022-07-14 23:31:37','\0',1),
(2069,1,1264,'1','2022-07-14 23:31:37','1','2022-07-14 23:31:37','\0',1),
(2070,1,1265,'1','2022-07-14 23:31:37','1','2022-07-14 23:31:37','\0',1),
(2071,1,1266,'1','2022-07-14 23:31:37','1','2022-07-14 23:31:37','\0',1),
(2072,1,1267,'1','2022-07-14 23:31:37','1','2022-07-14 23:31:37','\0',1),
(2073,1,1268,'1','2022-07-14 23:31:37','1','2022-07-14 23:31:37','\0',1),
(2074,1,1269,'1','2022-07-14 23:31:37','1','2022-07-14 23:31:37','\0',1),
(2075,1,1270,'1','2022-07-14 23:31:37','1','2022-07-14 23:31:37','\0',1),
(2076,1,1001,'1','2022-07-14 23:31:37','1','2022-07-14 23:31:37','\0',1),
(2077,1,1002,'1','2022-07-14 23:31:37','1','2022-07-14 23:31:37','\0',1),
(2078,1,1003,'1','2022-07-14 23:31:37','1','2022-07-14 23:31:37','\0',1),
(2079,1,1004,'1','2022-07-14 23:31:37','1','2022-07-14 23:31:37','\0',1),
(2080,1,1005,'1','2022-07-14 23:31:37','1','2022-07-14 23:31:37','\0',1),
(2081,1,1006,'1','2022-07-14 23:31:37','1','2022-07-14 23:31:37','\0',1),
(2082,1,1007,'1','2022-07-14 23:31:37','1','2022-07-14 23:31:37','\0',1),
(2083,1,1008,'1','2022-07-14 23:31:37','1','2022-07-14 23:31:37','\0',1),
(2084,1,1009,'1','2022-07-14 23:31:37','1','2022-07-14 23:31:37','\0',1),
(2085,1,1010,'1','2022-07-14 23:31:37','1','2022-07-14 23:31:37','\0',1),
(2086,1,1011,'1','2022-07-14 23:31:37','1','2022-07-14 23:31:37','\0',1),
(2087,1,1012,'1','2022-07-14 23:31:37','1','2022-07-14 23:31:37','\0',1),
(2088,1,1013,'1','2022-07-14 23:31:37','1','2022-07-14 23:31:37','\0',1),
(2089,1,1014,'1','2022-07-14 23:31:37','1','2022-07-14 23:31:37','\0',1),
(2090,1,1015,'1','2022-07-14 23:31:37','1','2022-07-14 23:31:37','\0',1),
(2091,1,1016,'1','2022-07-14 23:31:37','1','2022-07-14 23:31:37','\0',1),
(2092,1,1017,'1','2022-07-14 23:31:37','1','2022-07-14 23:31:37','\0',1),
(2093,1,1018,'1','2022-07-14 23:31:37','1','2022-07-14 23:31:37','\0',1),
(2094,1,1019,'1','2022-07-14 23:31:37','1','2022-07-14 23:31:37','\0',1),
(2095,1,1020,'1','2022-07-14 23:31:37','1','2022-07-14 23:31:37','\0',1),
(2096,1,1021,'1','2022-07-14 23:31:37','1','2022-07-14 23:31:37','\0',1),
(2097,1,1022,'1','2022-07-14 23:31:37','1','2022-07-14 23:31:37','\0',1),
(2098,1,1023,'1','2022-07-14 23:31:37','1','2022-07-14 23:31:37','\0',1),
(2099,123,1026,'1','2022-07-18 00:28:01','1','2022-07-18 00:28:01','\0',134),
(2100,123,2,'1','2022-07-18 00:28:01','1','2022-07-18 00:28:01','\0',134),
(2101,123,1027,'1','2022-07-18 00:28:01','1','2022-07-18 00:28:01','\0',134),
(2102,123,1028,'1','2022-07-18 00:28:01','1','2022-07-18 00:28:01','\0',134),
(2103,123,1029,'1','2022-07-18 00:28:01','1','2022-07-18 00:28:01','\0',134),
(2104,123,5,'1','2022-07-18 00:28:01','1','2022-07-18 00:28:01','\0',134),
(2105,123,1030,'1','2022-07-18 00:28:01','1','2022-07-18 00:28:01','\0',134),
(2106,123,1031,'1','2022-07-18 00:28:02','1','2022-07-18 00:28:02','\0',134),
(2107,123,1032,'1','2022-07-18 00:28:02','1','2022-07-18 00:28:02','\0',134),
(2108,123,1033,'1','2022-07-18 00:28:02','1','2022-07-18 00:28:02','\0',134),
(2109,123,1034,'1','2022-07-18 00:28:02','1','2022-07-18 00:28:02','\0',134),
(2110,123,1035,'1','2022-07-18 00:28:02','1','2022-07-18 00:28:02','\0',134),
(2111,123,1036,'1','2022-07-18 00:28:02','1','2022-07-18 00:28:02','\0',134),
(2112,123,1037,'1','2022-07-18 00:28:02','1','2022-07-18 00:28:02','\0',134),
(2113,123,1038,'1','2022-07-18 00:28:02','1','2022-07-18 00:28:02','\0',134),
(2114,123,1039,'1','2022-07-18 00:28:02','1','2022-07-18 00:28:02','\0',134),
(2115,123,1040,'1','2022-07-18 00:28:02','1','2022-07-18 00:28:02','\0',134),
(2116,123,1042,'1','2022-07-18 00:28:02','1','2022-07-18 00:28:02','\0',134),
(2117,123,1043,'1','2022-07-18 00:28:02','1','2022-07-18 00:28:02','\0',134),
(2118,123,1045,'1','2022-07-18 00:28:02','1','2022-07-18 00:28:02','\0',134),
(2119,123,1046,'1','2022-07-18 00:28:02','1','2022-07-18 00:28:02','\0',134),
(2120,123,1048,'1','2022-07-18 00:28:02','1','2022-07-18 00:28:02','\0',134),
(2121,123,1050,'1','2022-07-18 00:28:02','1','2022-07-18 00:28:02','\0',134),
(2122,123,1051,'1','2022-07-18 00:28:02','1','2022-07-18 00:28:02','\0',134),
(2123,123,1052,'1','2022-07-18 00:28:02','1','2022-07-18 00:28:02','\0',134),
(2124,123,1053,'1','2022-07-18 00:28:02','1','2022-07-18 00:28:02','\0',134),
(2125,123,1054,'1','2022-07-18 00:28:02','1','2022-07-18 00:28:02','\0',134),
(2126,123,1056,'1','2022-07-18 00:28:02','1','2022-07-18 00:28:02','\0',134),
(2127,123,1057,'1','2022-07-18 00:28:02','1','2022-07-18 00:28:02','\0',134),
(2128,123,1058,'1','2022-07-18 00:28:02','1','2022-07-18 00:28:02','\0',134),
(2129,123,1059,'1','2022-07-18 00:28:02','1','2022-07-18 00:28:02','\0',134),
(2130,123,1060,'1','2022-07-18 00:28:02','1','2022-07-18 00:28:02','\0',134),
(2131,123,1063,'1','2022-07-18 00:28:02','1','2022-07-18 00:28:02','\0',134),
(2132,123,1064,'1','2022-07-18 00:28:02','1','2022-07-18 00:28:02','\0',134),
(2133,123,1065,'1','2022-07-18 00:28:02','1','2022-07-18 00:28:02','\0',134),
(2134,123,1066,'1','2022-07-18 00:28:02','1','2022-07-18 00:28:02','\0',134),
(2135,123,1067,'1','2022-07-18 00:28:02','1','2022-07-18 00:28:02','\0',134),
(2136,123,1070,'1','2022-07-18 00:28:02','1','2022-07-18 00:28:02','\0',134),
(2137,123,1071,'1','2022-07-18 00:28:02','1','2022-07-18 00:28:02','\0',134),
(2138,123,1072,'1','2022-07-18 00:28:02','1','2022-07-18 00:28:02','\0',134),
(2139,123,1073,'1','2022-07-18 00:28:02','1','2022-07-18 00:28:02','\0',134),
(2140,123,1074,'1','2022-07-18 00:28:02','1','2022-07-18 00:28:02','\0',134),
(2141,123,1075,'1','2022-07-18 00:28:02','1','2022-07-18 00:28:02','\0',134),
(2142,123,1076,'1','2022-07-18 00:28:02','1','2022-07-18 00:28:02','\0',134),
(2143,123,1077,'1','2022-07-18 00:28:02','1','2022-07-18 00:28:02','\0',134),
(2144,123,1078,'1','2022-07-18 00:28:02','1','2022-07-18 00:28:02','\0',134),
(2145,123,1082,'1','2022-07-18 00:28:02','1','2022-07-18 00:28:02','\0',134),
(2146,123,1083,'1','2022-07-18 00:28:02','1','2022-07-18 00:28:02','\0',134),
(2147,123,1084,'1','2022-07-18 00:28:02','1','2022-07-18 00:28:02','\0',134),
(2148,123,1085,'1','2022-07-18 00:28:02','1','2022-07-18 00:28:02','\0',134),
(2149,123,1086,'1','2022-07-18 00:28:02','1','2022-07-18 00:28:02','\0',134),
(2150,123,1087,'1','2022-07-18 00:28:02','1','2022-07-18 00:28:02','\0',134),
(2151,123,1088,'1','2022-07-18 00:28:02','1','2022-07-18 00:28:02','\0',134),
(2152,123,1089,'1','2022-07-18 00:28:02','1','2022-07-18 00:28:02','\0',134),
(2153,123,1090,'1','2022-07-18 00:28:02','1','2022-07-18 00:28:02','\0',134),
(2154,123,1091,'1','2022-07-18 00:28:02','1','2022-07-18 00:28:02','\0',134),
(2155,123,1092,'1','2022-07-18 00:28:02','1','2022-07-18 00:28:02','\0',134),
(2156,123,1093,'1','2022-07-18 00:28:02','1','2022-07-18 00:28:02','\0',134),
(2157,123,1094,'1','2022-07-18 00:28:02','1','2022-07-18 00:28:02','\0',134),
(2158,123,1095,'1','2022-07-18 00:28:02','1','2022-07-18 00:28:02','\0',134),
(2159,123,1096,'1','2022-07-18 00:28:02','1','2022-07-18 00:28:02','\0',134),
(2160,123,1097,'1','2022-07-18 00:28:02','1','2022-07-18 00:28:02','\0',134),
(2161,123,1098,'1','2022-07-18 00:28:02','1','2022-07-18 00:28:02','\0',134),
(2162,123,1100,'1','2022-07-18 00:28:02','1','2022-07-18 00:28:02','\0',134),
(2163,123,1101,'1','2022-07-18 00:28:02','1','2022-07-18 00:28:02','\0',134),
(2164,123,1102,'1','2022-07-18 00:28:02','1','2022-07-18 00:28:02','\0',134),
(2165,123,1103,'1','2022-07-18 00:28:02','1','2022-07-18 00:28:02','\0',134),
(2166,123,1104,'1','2022-07-18 00:28:02','1','2022-07-18 00:28:02','\0',134),
(2167,123,1105,'1','2022-07-18 00:28:02','1','2022-07-18 00:28:02','\0',134),
(2168,123,1106,'1','2022-07-18 00:28:02','1','2022-07-18 00:28:02','\0',134),
(2169,123,1107,'1','2022-07-18 00:28:02','1','2022-07-18 00:28:02','\0',134),
(2170,123,1108,'1','2022-07-18 00:28:02','1','2022-07-18 00:28:02','\0',134),
(2171,123,1109,'1','2022-07-18 00:28:02','1','2022-07-18 00:28:02','\0',134),
(2172,123,1110,'1','2022-07-18 00:28:02','1','2022-07-18 00:28:02','\0',134),
(2173,123,1111,'1','2022-07-18 00:28:02','1','2022-07-18 00:28:02','\0',134),
(2174,123,1112,'1','2022-07-18 00:28:02','1','2022-07-18 00:28:02','\0',134),
(2175,123,1113,'1','2022-07-18 00:28:02','1','2022-07-18 00:28:02','\0',134),
(2176,123,1114,'1','2022-07-18 00:28:02','1','2022-07-18 00:28:02','\0',134),
(2177,123,1115,'1','2022-07-18 00:28:02','1','2022-07-18 00:28:02','\0',134),
(2178,123,1117,'1','2022-07-18 00:28:02','1','2022-07-18 00:28:02','\0',134),
(2179,123,1118,'1','2022-07-18 00:28:02','1','2022-07-18 00:28:02','\0',134),
(2180,123,1119,'1','2022-07-18 00:28:02','1','2022-07-18 00:28:02','\0',134),
(2181,123,1120,'1','2022-07-18 00:28:02','1','2022-07-18 00:28:02','\0',134),
(2182,123,100,'1','2022-07-18 00:28:02','1','2022-07-18 00:28:02','\0',134),
(2183,123,101,'1','2022-07-18 00:28:02','1','2022-07-18 00:28:02','\0',134),
(2184,123,1126,'1','2022-07-18 00:28:02','1','2022-07-18 00:28:02','\0',134),
(2185,123,1127,'1','2022-07-18 00:28:02','1','2022-07-18 00:28:02','\0',134),
(2186,123,1128,'1','2022-07-18 00:28:02','1','2022-07-18 00:28:02','\0',134),
(2187,123,105,'1','2022-07-18 00:28:02','1','2022-07-18 00:28:02','\0',134),
(2188,123,1129,'1','2022-07-18 00:28:02','1','2022-07-18 00:28:02','\0',134),
(2189,123,1130,'1','2022-07-18 00:28:02','1','2022-07-18 00:28:02','\0',134),
(2190,123,106,'1','2022-07-18 00:28:02','1','2022-07-18 00:28:02','\0',134),
(2191,123,107,'1','2022-07-18 00:28:02','1','2022-07-18 00:28:02','\0',134),
(2192,123,1131,'1','2022-07-18 00:28:02','1','2022-07-18 00:28:02','\0',134),
(2193,123,108,'1','2022-07-18 00:28:02','1','2022-07-18 00:28:02','\0',134),
(2194,123,1132,'1','2022-07-18 00:28:02','1','2022-07-18 00:28:02','\0',134),
(2195,123,109,'1','2022-07-18 00:28:02','1','2022-07-18 00:28:02','\0',134),
(2196,123,1133,'1','2022-07-18 00:28:02','1','2022-07-18 00:28:02','\0',134),
(2197,123,1134,'1','2022-07-18 00:28:02','1','2022-07-18 00:28:02','\0',134),
(2198,123,110,'1','2022-07-18 00:28:02','1','2022-07-18 00:28:02','\0',134),
(2199,123,1135,'1','2022-07-18 00:28:02','1','2022-07-18 00:28:02','\0',134),
(2200,123,111,'1','2022-07-18 00:28:02','1','2022-07-18 00:28:02','\0',134),
(2201,123,1136,'1','2022-07-18 00:28:02','1','2022-07-18 00:28:02','\0',134),
(2202,123,112,'1','2022-07-18 00:28:02','1','2022-07-18 00:28:02','\0',134),
(2203,123,1137,'1','2022-07-18 00:28:02','1','2022-07-18 00:28:02','\0',134),
(2204,123,113,'1','2022-07-18 00:28:02','1','2022-07-18 00:28:02','\0',134),
(2205,123,1138,'1','2022-07-18 00:28:02','1','2022-07-18 00:28:02','\0',134),
(2206,123,114,'1','2022-07-18 00:28:02','1','2022-07-18 00:28:02','\0',134),
(2207,123,1139,'1','2022-07-18 00:28:02','1','2022-07-18 00:28:02','\0',134),
(2208,123,115,'1','2022-07-18 00:28:02','1','2022-07-18 00:28:02','\0',134),
(2209,123,1140,'1','2022-07-18 00:28:02','1','2022-07-18 00:28:02','\0',134),
(2210,123,116,'1','2022-07-18 00:28:02','1','2022-07-18 00:28:02','\0',134),
(2211,123,1141,'1','2022-07-18 00:28:02','1','2022-07-18 00:28:02','\0',134),
(2212,123,1142,'1','2022-07-18 00:28:02','1','2022-07-18 00:28:02','\0',134),
(2213,123,1143,'1','2022-07-18 00:28:02','1','2022-07-18 00:28:02','\0',134),
(2214,123,1150,'1','2022-07-18 00:28:02','1','2022-07-18 00:28:02','\0',134),
(2215,123,1161,'1','2022-07-18 00:28:02','1','2022-07-18 00:28:02','\0',134),
(2216,123,1162,'1','2022-07-18 00:28:02','1','2022-07-18 00:28:02','\0',134),
(2217,123,1163,'1','2022-07-18 00:28:02','1','2022-07-18 00:28:02','\0',134),
(2218,123,1164,'1','2022-07-18 00:28:02','1','2022-07-18 00:28:02','\0',134),
(2219,123,1165,'1','2022-07-18 00:28:02','1','2022-07-18 00:28:02','\0',134),
(2220,123,1166,'1','2022-07-18 00:28:02','1','2022-07-18 00:28:02','\0',134),
(2221,123,1173,'1','2022-07-18 00:28:02','1','2022-07-18 00:28:02','\0',134),
(2222,123,1174,'1','2022-07-18 00:28:02','1','2022-07-18 00:28:02','\0',134),
(2223,123,1175,'1','2022-07-18 00:28:02','1','2022-07-18 00:28:02','\0',134),
(2224,123,1176,'1','2022-07-18 00:28:02','1','2022-07-18 00:28:02','\0',134),
(2225,123,1177,'1','2022-07-18 00:28:02','1','2022-07-18 00:28:02','\0',134),
(2226,123,1178,'1','2022-07-18 00:28:02','1','2022-07-18 00:28:02','\0',134),
(2227,123,1179,'1','2022-07-18 00:28:02','1','2022-07-18 00:28:02','\0',134),
(2228,123,1180,'1','2022-07-18 00:28:02','1','2022-07-18 00:28:02','\0',134),
(2229,123,1181,'1','2022-07-18 00:28:02','1','2022-07-18 00:28:02','\0',134),
(2230,123,1182,'1','2022-07-18 00:28:02','1','2022-07-18 00:28:02','\0',134),
(2231,123,1183,'1','2022-07-18 00:28:02','1','2022-07-18 00:28:02','\0',134),
(2232,123,1184,'1','2022-07-18 00:28:02','1','2022-07-18 00:28:02','\0',134),
(2233,123,1185,'1','2022-07-18 00:28:02','1','2022-07-18 00:28:02','\0',134),
(2234,123,1186,'1','2022-07-18 00:28:02','1','2022-07-18 00:28:02','\0',134),
(2235,123,1187,'1','2022-07-18 00:28:02','1','2022-07-18 00:28:02','\0',134),
(2236,123,1188,'1','2022-07-18 00:28:02','1','2022-07-18 00:28:02','\0',134),
(2237,123,1189,'1','2022-07-18 00:28:02','1','2022-07-18 00:28:02','\0',134),
(2238,123,1190,'1','2022-07-18 00:28:02','1','2022-07-18 00:28:02','\0',134),
(2239,123,1191,'1','2022-07-18 00:28:02','1','2022-07-18 00:28:02','\0',134),
(2240,123,1192,'1','2022-07-18 00:28:02','1','2022-07-18 00:28:02','\0',134),
(2241,123,1193,'1','2022-07-18 00:28:02','1','2022-07-18 00:28:02','\0',134),
(2242,123,1194,'1','2022-07-18 00:28:02','1','2022-07-18 00:28:02','\0',134),
(2243,123,1195,'1','2022-07-18 00:28:02','1','2022-07-18 00:28:02','\0',134),
(2244,123,1196,'1','2022-07-18 00:28:02','1','2022-07-18 00:28:02','\0',134),
(2245,123,1197,'1','2022-07-18 00:28:02','1','2022-07-18 00:28:02','\0',134),
(2246,123,1198,'1','2022-07-18 00:28:02','1','2022-07-18 00:28:02','\0',134),
(2247,123,1199,'1','2022-07-18 00:28:02','1','2022-07-18 00:28:02','\0',134),
(2248,123,1200,'1','2022-07-18 00:28:02','1','2022-07-18 00:28:02','\0',134),
(2249,123,1201,'1','2022-07-18 00:28:02','1','2022-07-18 00:28:02','\0',134),
(2250,123,1202,'1','2022-07-18 00:28:02','1','2022-07-18 00:28:02','\0',134),
(2251,123,1207,'1','2022-07-18 00:28:02','1','2022-07-18 00:28:02','\0',134),
(2252,123,1208,'1','2022-07-18 00:28:02','1','2022-07-18 00:28:02','\0',134),
(2253,123,1209,'1','2022-07-18 00:28:02','1','2022-07-18 00:28:02','\0',134),
(2254,123,1210,'1','2022-07-18 00:28:02','1','2022-07-18 00:28:02','\0',134),
(2255,123,1211,'1','2022-07-18 00:28:02','1','2022-07-18 00:28:02','\0',134),
(2256,123,1212,'1','2022-07-18 00:28:02','1','2022-07-18 00:28:02','\0',134),
(2257,123,1213,'1','2022-07-18 00:28:02','1','2022-07-18 00:28:02','\0',134),
(2258,123,1215,'1','2022-07-18 00:28:02','1','2022-07-18 00:28:02','\0',134),
(2259,123,1216,'1','2022-07-18 00:28:02','1','2022-07-18 00:28:02','\0',134),
(2260,123,1217,'1','2022-07-18 00:28:02','1','2022-07-18 00:28:02','\0',134),
(2261,123,1218,'1','2022-07-18 00:28:02','1','2022-07-18 00:28:02','\0',134),
(2262,123,1219,'1','2022-07-18 00:28:02','1','2022-07-18 00:28:02','\0',134),
(2263,123,1220,'1','2022-07-18 00:28:02','1','2022-07-18 00:28:02','\0',134),
(2264,123,1221,'1','2022-07-18 00:28:02','1','2022-07-18 00:28:02','\0',134),
(2265,123,1222,'1','2022-07-18 00:28:02','1','2022-07-18 00:28:02','\0',134),
(2266,123,1224,'1','2022-07-18 00:28:02','1','2022-07-18 00:28:02','\0',134),
(2267,123,1225,'1','2022-07-18 00:28:02','1','2022-07-18 00:28:02','\0',134),
(2268,123,1226,'1','2022-07-18 00:28:02','1','2022-07-18 00:28:02','\0',134),
(2269,123,1227,'1','2022-07-18 00:28:02','1','2022-07-18 00:28:02','\0',134),
(2270,123,1228,'1','2022-07-18 00:28:02','1','2022-07-18 00:28:02','\0',134),
(2271,123,1229,'1','2022-07-18 00:28:02','1','2022-07-18 00:28:02','\0',134),
(2272,123,1237,'1','2022-07-18 00:28:02','1','2022-07-18 00:28:02','\0',134),
(2273,123,1238,'1','2022-07-18 00:28:02','1','2022-07-18 00:28:02','\0',134),
(2274,123,1239,'1','2022-07-18 00:28:02','1','2022-07-18 00:28:02','\0',134),
(2275,123,1240,'1','2022-07-18 00:28:02','1','2022-07-18 00:28:02','\0',134),
(2276,123,1241,'1','2022-07-18 00:28:02','1','2022-07-18 00:28:02','\0',134),
(2277,123,1242,'1','2022-07-18 00:28:02','1','2022-07-18 00:28:02','\0',134),
(2278,123,1243,'1','2022-07-18 00:28:02','1','2022-07-18 00:28:02','\0',134),
(2279,123,1247,'1','2022-07-18 00:28:02','1','2022-07-18 00:28:02','\0',134),
(2280,123,1248,'1','2022-07-18 00:28:02','1','2022-07-18 00:28:02','\0',134),
(2281,123,1249,'1','2022-07-18 00:28:02','1','2022-07-18 00:28:02','\0',134),
(2282,123,1250,'1','2022-07-18 00:28:02','1','2022-07-18 00:28:02','\0',134),
(2283,123,1251,'1','2022-07-18 00:28:02','1','2022-07-18 00:28:02','\0',134),
(2284,123,1252,'1','2022-07-18 00:28:02','1','2022-07-18 00:28:02','\0',134),
(2285,123,1254,'1','2022-07-18 00:28:02','1','2022-07-18 00:28:02','\0',134),
(2286,123,1255,'1','2022-07-18 00:28:02','1','2022-07-18 00:28:02','\0',134),
(2287,123,1256,'1','2022-07-18 00:28:02','1','2022-07-18 00:28:02','\0',134),
(2288,123,1257,'1','2022-07-18 00:28:02','1','2022-07-18 00:28:02','\0',134),
(2289,123,1258,'1','2022-07-18 00:28:02','1','2022-07-18 00:28:02','\0',134),
(2290,123,1259,'1','2022-07-18 00:28:02','1','2022-07-18 00:28:02','\0',134),
(2291,123,1260,'1','2022-07-18 00:28:02','1','2022-07-18 00:28:02','\0',134),
(2292,123,1261,'1','2022-07-18 00:28:02','1','2022-07-18 00:28:02','\0',134),
(2293,123,1263,'1','2022-07-18 00:28:02','1','2022-07-18 00:28:02','\0',134),
(2294,123,1264,'1','2022-07-18 00:28:02','1','2022-07-18 00:28:02','\0',134),
(2295,123,1265,'1','2022-07-18 00:28:02','1','2022-07-18 00:28:02','\0',134),
(2296,123,1266,'1','2022-07-18 00:28:02','1','2022-07-18 00:28:02','\0',134),
(2297,123,1267,'1','2022-07-18 00:28:02','1','2022-07-18 00:28:02','\0',134),
(2298,123,1268,'1','2022-07-18 00:28:02','1','2022-07-18 00:28:02','\0',134),
(2299,123,1269,'1','2022-07-18 00:28:02','1','2022-07-18 00:28:02','\0',134),
(2300,123,1270,'1','2022-07-18 00:28:02','1','2022-07-18 00:28:02','\0',134),
(2301,123,1271,'1','2022-07-18 00:28:02','1','2022-07-18 00:28:02','\0',134),
(2302,123,1272,'1','2022-07-18 00:28:02','1','2022-07-18 00:28:02','\0',134),
(2303,123,1001,'1','2022-07-18 00:28:02','1','2022-07-18 00:28:02','\0',134),
(2304,123,1002,'1','2022-07-18 00:28:02','1','2022-07-18 00:28:02','\0',134),
(2305,123,1003,'1','2022-07-18 00:28:02','1','2022-07-18 00:28:02','\0',134),
(2306,123,1004,'1','2022-07-18 00:28:02','1','2022-07-18 00:28:02','\0',134),
(2307,123,1005,'1','2022-07-18 00:28:02','1','2022-07-18 00:28:02','\0',134),
(2308,123,1006,'1','2022-07-18 00:28:02','1','2022-07-18 00:28:02','\0',134),
(2309,123,1007,'1','2022-07-18 00:28:02','1','2022-07-18 00:28:02','\0',134),
(2310,123,1008,'1','2022-07-18 00:28:02','1','2022-07-18 00:28:02','\0',134),
(2311,123,1009,'1','2022-07-18 00:28:02','1','2022-07-18 00:28:02','\0',134),
(2312,123,1010,'1','2022-07-18 00:28:02','1','2022-07-18 00:28:02','\0',134),
(2313,123,1011,'1','2022-07-18 00:28:02','1','2022-07-18 00:28:02','\0',134),
(2314,123,1012,'1','2022-07-18 00:28:02','1','2022-07-18 00:28:02','\0',134),
(2315,123,500,'1','2022-07-18 00:28:02','1','2022-07-18 00:28:02','\0',134),
(2316,123,501,'1','2022-07-18 00:28:02','1','2022-07-18 00:28:02','\0',134),
(2317,124,1024,'1','2022-07-18 00:57:05','1','2022-07-18 00:57:05','\0',135),
(2318,124,1,'1','2022-07-18 00:57:05','1','2022-07-18 00:57:05','\0',135),
(2319,124,1025,'1','2022-07-18 00:57:05','1','2022-07-18 00:57:05','\0',135),
(2320,124,1026,'1','2022-07-18 00:57:05','1','2022-07-19 11:56:37','',135),
(2321,124,2,'1','2022-07-18 00:57:05','1','2022-07-19 11:56:37','',135),
(2322,124,1027,'1','2022-07-18 00:57:05','1','2022-07-19 11:56:37','',135),
(2323,124,1028,'1','2022-07-18 00:57:05','1','2022-07-19 11:56:37','',135),
(2324,124,1029,'1','2022-07-18 00:57:05','1','2022-07-19 11:56:37','',135),
(2325,124,5,'1','2022-07-18 00:57:05','1','2022-07-19 11:56:37','',135),
(2326,124,1030,'1','2022-07-18 00:57:05','1','2022-07-19 11:56:37','',135),
(2327,124,1031,'1','2022-07-18 00:57:05','1','2022-07-19 11:56:37','',135),
(2328,124,1032,'1','2022-07-18 00:57:05','1','2022-07-19 11:56:37','',135),
(2329,124,1033,'1','2022-07-18 00:57:05','1','2022-07-19 11:56:37','',135),
(2330,124,1034,'1','2022-07-18 00:57:05','1','2022-07-19 11:56:37','',135),
(2331,124,1035,'1','2022-07-18 00:57:05','1','2022-07-19 11:56:37','',135),
(2332,124,1036,'1','2022-07-18 00:57:05','1','2022-07-19 11:56:37','',135),
(2333,124,1037,'1','2022-07-18 00:57:05','1','2022-07-19 11:56:37','',135),
(2334,124,1038,'1','2022-07-18 00:57:05','1','2022-07-19 11:56:37','',135),
(2335,124,1039,'1','2022-07-18 00:57:05','1','2022-07-19 11:56:37','',135),
(2336,124,1040,'1','2022-07-18 00:57:05','1','2022-07-19 11:56:37','',135),
(2337,124,1042,'1','2022-07-18 00:57:05','1','2022-07-19 11:56:37','',135),
(2338,124,1043,'1','2022-07-18 00:57:05','1','2022-07-19 11:56:37','',135),
(2339,124,1045,'1','2022-07-18 00:57:05','1','2022-07-19 11:56:37','',135),
(2340,124,1046,'1','2022-07-18 00:57:05','1','2022-07-19 11:56:37','',135),
(2341,124,1048,'1','2022-07-18 00:57:05','1','2022-07-19 11:56:37','',135),
(2342,124,1050,'1','2022-07-18 00:57:05','1','2022-07-19 11:56:37','',135),
(2343,124,1051,'1','2022-07-18 00:57:05','1','2022-07-19 11:56:37','',135),
(2344,124,1052,'1','2022-07-18 00:57:05','1','2022-07-19 11:56:37','',135),
(2345,124,1053,'1','2022-07-18 00:57:05','1','2022-07-19 11:56:37','',135),
(2346,124,1054,'1','2022-07-18 00:57:05','1','2022-07-19 11:56:37','',135),
(2347,124,1056,'1','2022-07-18 00:57:05','1','2022-07-19 11:56:37','',135),
(2348,124,1057,'1','2022-07-18 00:57:05','1','2022-07-19 11:56:37','',135),
(2349,124,1058,'1','2022-07-18 00:57:05','1','2022-07-19 11:56:37','',135),
(2350,124,1059,'1','2022-07-18 00:57:05','1','2022-07-19 11:56:37','',135),
(2351,124,1060,'1','2022-07-18 00:57:05','1','2022-07-19 11:56:37','',135),
(2352,124,1063,'1','2022-07-18 00:57:05','1','2022-07-19 11:56:37','',135),
(2353,124,1064,'1','2022-07-18 00:57:05','1','2022-07-19 11:56:37','',135),
(2354,124,1065,'1','2022-07-18 00:57:05','1','2022-07-19 11:56:37','',135),
(2355,124,1066,'1','2022-07-18 00:57:05','1','2022-07-19 11:56:37','',135),
(2356,124,1067,'1','2022-07-18 00:57:05','1','2022-07-19 11:56:37','',135),
(2357,124,1070,'1','2022-07-18 00:57:05','1','2022-07-19 11:56:37','',135),
(2358,124,1071,'1','2022-07-18 00:57:05','1','2022-07-19 11:56:37','',135),
(2359,124,1072,'1','2022-07-18 00:57:05','1','2022-07-19 11:56:37','',135),
(2360,124,1073,'1','2022-07-18 00:57:05','1','2022-07-19 11:56:37','',135),
(2361,124,1074,'1','2022-07-18 00:57:05','1','2022-07-19 11:56:37','',135),
(2362,124,1075,'1','2022-07-18 00:57:05','1','2022-07-19 11:56:37','',135),
(2363,124,1076,'1','2022-07-18 00:57:05','1','2022-07-19 11:56:37','',135),
(2364,124,1077,'1','2022-07-18 00:57:05','1','2022-07-19 11:56:37','',135),
(2365,124,1078,'1','2022-07-18 00:57:05','1','2022-07-19 11:56:37','',135),
(2366,124,1082,'1','2022-07-18 00:57:05','1','2022-07-19 11:56:37','',135),
(2367,124,1083,'1','2022-07-18 00:57:05','1','2022-07-19 11:56:37','',135),
(2368,124,1084,'1','2022-07-18 00:57:05','1','2022-07-19 11:56:37','',135),
(2369,124,1085,'1','2022-07-18 00:57:05','1','2022-07-19 11:56:37','',135),
(2370,124,1086,'1','2022-07-18 00:57:05','1','2022-07-19 11:56:37','',135),
(2371,124,1087,'1','2022-07-18 00:57:05','1','2022-07-19 11:56:37','',135),
(2372,124,1088,'1','2022-07-18 00:57:05','1','2022-07-19 11:56:37','',135),
(2373,124,1089,'1','2022-07-18 00:57:05','1','2022-07-19 11:56:37','',135),
(2374,124,1090,'1','2022-07-18 00:57:05','1','2022-07-19 11:56:37','',135),
(2375,124,1091,'1','2022-07-18 00:57:05','1','2022-07-19 11:56:37','',135),
(2376,124,1092,'1','2022-07-18 00:57:05','1','2022-07-19 11:56:37','',135),
(2377,124,1093,'1','2022-07-18 00:57:05','1','2022-07-19 11:56:37','',135),
(2378,124,1094,'1','2022-07-18 00:57:05','1','2022-07-19 11:56:37','',135),
(2379,124,1095,'1','2022-07-18 00:57:05','1','2022-07-19 11:56:37','',135),
(2380,124,1096,'1','2022-07-18 00:57:05','1','2022-07-19 11:56:37','',135),
(2381,124,1097,'1','2022-07-18 00:57:05','1','2022-07-19 11:56:37','',135),
(2382,124,1098,'1','2022-07-18 00:57:05','1','2022-07-19 11:56:37','',135),
(2383,124,1100,'1','2022-07-18 00:57:05','1','2022-07-19 11:56:37','',135),
(2384,124,1101,'1','2022-07-18 00:57:05','1','2022-07-19 11:56:37','',135),
(2385,124,1102,'1','2022-07-18 00:57:05','1','2022-07-19 11:56:37','',135),
(2386,124,1103,'1','2022-07-18 00:57:05','1','2022-07-19 11:56:37','',135),
(2387,124,1104,'1','2022-07-18 00:57:05','1','2022-07-19 11:56:37','',135),
(2388,124,1105,'1','2022-07-18 00:57:05','1','2022-07-19 11:56:37','',135),
(2389,124,1106,'1','2022-07-18 00:57:05','1','2022-07-19 11:56:37','',135),
(2390,124,1107,'1','2022-07-18 00:57:05','1','2022-07-19 11:56:37','',135),
(2391,124,1108,'1','2022-07-18 00:57:05','1','2022-07-19 11:56:37','',135),
(2392,124,1109,'1','2022-07-18 00:57:05','1','2022-07-19 11:56:37','',135),
(2393,124,1110,'1','2022-07-18 00:57:05','1','2022-07-19 11:56:37','',135),
(2394,124,1111,'1','2022-07-18 00:57:05','1','2022-07-19 11:56:37','',135),
(2395,124,1112,'1','2022-07-18 00:57:05','1','2022-07-19 11:56:37','',135),
(2396,124,1113,'1','2022-07-18 00:57:05','1','2022-07-19 11:56:37','',135),
(2397,124,1114,'1','2022-07-18 00:57:05','1','2022-07-19 11:56:37','',135),
(2398,124,1115,'1','2022-07-18 00:57:05','1','2022-07-19 11:56:37','',135),
(2399,124,1117,'1','2022-07-18 00:57:05','1','2022-07-19 11:56:37','',135),
(2400,124,1118,'1','2022-07-18 00:57:05','1','2022-07-19 11:56:37','',135),
(2401,124,1119,'1','2022-07-18 00:57:05','1','2022-07-19 11:56:37','',135),
(2402,124,1120,'1','2022-07-18 00:57:05','1','2022-07-19 11:56:37','',135),
(2403,124,100,'1','2022-07-18 00:57:05','1','2022-07-19 11:56:37','',135),
(2404,124,101,'1','2022-07-18 00:57:05','1','2022-07-19 11:56:37','',135),
(2405,124,102,'1','2022-07-18 00:57:05','1','2022-07-18 00:57:05','\0',135),
(2406,124,1126,'1','2022-07-18 00:57:05','1','2022-07-19 11:56:37','',135),
(2407,124,103,'1','2022-07-18 00:57:05','1','2022-07-18 00:57:05','\0',135),
(2408,124,1127,'1','2022-07-18 00:57:05','1','2022-07-19 11:56:37','',135),
(2409,124,104,'1','2022-07-18 00:57:05','1','2022-07-18 00:57:05','\0',135),
(2410,124,1128,'1','2022-07-18 00:57:05','1','2022-07-19 11:56:37','',135),
(2411,124,105,'1','2022-07-18 00:57:05','1','2022-07-19 11:56:37','',135),
(2412,124,1129,'1','2022-07-18 00:57:05','1','2022-07-19 11:56:37','',135),
(2413,124,1130,'1','2022-07-18 00:57:05','1','2022-07-19 11:56:37','',135),
(2414,124,106,'1','2022-07-18 00:57:05','1','2022-07-19 11:56:37','',135),
(2415,124,107,'1','2022-07-18 00:57:05','1','2022-07-19 11:56:37','',135),
(2416,124,1131,'1','2022-07-18 00:57:05','1','2022-07-19 11:56:37','',135),
(2417,124,108,'1','2022-07-18 00:57:05','1','2022-07-19 11:56:37','',135),
(2418,124,1132,'1','2022-07-18 00:57:05','1','2022-07-19 11:56:37','',135),
(2419,124,109,'1','2022-07-18 00:57:05','1','2022-07-19 11:56:37','',135),
(2420,124,1133,'1','2022-07-18 00:57:05','1','2022-07-19 11:56:37','',135),
(2421,124,1134,'1','2022-07-18 00:57:05','1','2022-07-19 11:56:37','',135),
(2422,124,110,'1','2022-07-18 00:57:05','1','2022-07-19 11:56:37','',135),
(2423,124,1135,'1','2022-07-18 00:57:05','1','2022-07-19 11:56:37','',135),
(2424,124,111,'1','2022-07-18 00:57:05','1','2022-07-19 11:56:37','',135),
(2425,124,1136,'1','2022-07-18 00:57:05','1','2022-07-19 11:56:37','',135),
(2426,124,112,'1','2022-07-18 00:57:05','1','2022-07-19 11:56:37','',135),
(2427,124,1137,'1','2022-07-18 00:57:05','1','2022-07-19 11:56:37','',135),
(2428,124,113,'1','2022-07-18 00:57:05','1','2022-07-19 11:56:37','',135),
(2429,124,1138,'1','2022-07-18 00:57:05','1','2022-07-19 11:56:37','',135),
(2430,124,114,'1','2022-07-18 00:57:05','1','2022-07-19 11:56:37','',135),
(2431,124,1139,'1','2022-07-18 00:57:05','1','2022-07-19 11:56:37','',135),
(2432,124,115,'1','2022-07-18 00:57:05','1','2022-07-19 11:56:37','',135),
(2433,124,1140,'1','2022-07-18 00:57:05','1','2022-07-19 11:56:37','',135),
(2434,124,116,'1','2022-07-18 00:57:05','1','2022-07-19 11:56:37','',135),
(2435,124,1141,'1','2022-07-18 00:57:05','1','2022-07-19 11:56:37','',135),
(2436,124,1142,'1','2022-07-18 00:57:05','1','2022-07-19 11:56:37','',135),
(2437,124,1143,'1','2022-07-18 00:57:05','1','2022-07-19 11:56:37','',135),
(2438,124,1150,'1','2022-07-18 00:57:05','1','2022-07-19 11:56:37','',135),
(2439,124,1161,'1','2022-07-18 00:57:05','1','2022-07-19 11:56:37','',135),
(2440,124,1162,'1','2022-07-18 00:57:05','1','2022-07-19 11:56:37','',135),
(2441,124,1163,'1','2022-07-18 00:57:05','1','2022-07-19 11:56:37','',135),
(2442,124,1164,'1','2022-07-18 00:57:05','1','2022-07-19 11:56:37','',135),
(2443,124,1165,'1','2022-07-18 00:57:05','1','2022-07-19 11:56:37','',135),
(2444,124,1166,'1','2022-07-18 00:57:05','1','2022-07-19 11:56:37','',135),
(2445,124,1173,'1','2022-07-18 00:57:05','1','2022-07-19 11:56:37','',135),
(2446,124,1174,'1','2022-07-18 00:57:05','1','2022-07-19 11:56:37','',135),
(2447,124,1175,'1','2022-07-18 00:57:05','1','2022-07-19 11:56:37','',135),
(2448,124,1176,'1','2022-07-18 00:57:05','1','2022-07-19 11:56:37','',135),
(2449,124,1177,'1','2022-07-18 00:57:05','1','2022-07-19 11:56:37','',135),
(2450,124,1178,'1','2022-07-18 00:57:05','1','2022-07-19 11:56:37','',135),
(2451,124,1179,'1','2022-07-18 00:57:05','1','2022-07-19 11:56:37','',135),
(2452,124,1180,'1','2022-07-18 00:57:05','1','2022-07-19 11:56:37','',135),
(2453,124,1181,'1','2022-07-18 00:57:05','1','2022-07-19 11:56:37','',135),
(2454,124,1182,'1','2022-07-18 00:57:05','1','2022-07-19 11:56:37','',135),
(2455,124,1183,'1','2022-07-18 00:57:05','1','2022-07-19 11:56:37','',135),
(2456,124,1184,'1','2022-07-18 00:57:05','1','2022-07-19 11:56:37','',135),
(2457,124,1185,'1','2022-07-18 00:57:05','1','2022-07-19 11:56:37','',135),
(2458,124,1186,'1','2022-07-18 00:57:05','1','2022-07-19 11:56:37','',135),
(2459,124,1187,'1','2022-07-18 00:57:05','1','2022-07-19 11:56:37','',135),
(2460,124,1188,'1','2022-07-18 00:57:05','1','2022-07-19 11:56:37','',135),
(2461,124,1189,'1','2022-07-18 00:57:05','1','2022-07-19 11:56:37','',135),
(2462,124,1190,'1','2022-07-18 00:57:05','1','2022-07-19 11:56:37','',135),
(2463,124,1191,'1','2022-07-18 00:57:05','1','2022-07-19 11:56:37','',135),
(2464,124,1192,'1','2022-07-18 00:57:05','1','2022-07-19 11:56:37','',135),
(2465,124,1193,'1','2022-07-18 00:57:05','1','2022-07-19 11:56:37','',135),
(2466,124,1194,'1','2022-07-18 00:57:05','1','2022-07-19 11:56:37','',135),
(2467,124,1195,'1','2022-07-18 00:57:05','1','2022-07-19 11:56:37','',135),
(2468,124,1196,'1','2022-07-18 00:57:05','1','2022-07-19 11:56:37','',135),
(2469,124,1197,'1','2022-07-18 00:57:05','1','2022-07-19 11:56:37','',135),
(2470,124,1198,'1','2022-07-18 00:57:05','1','2022-07-19 11:56:37','',135),
(2471,124,1199,'1','2022-07-18 00:57:05','1','2022-07-19 11:56:37','',135),
(2472,124,1200,'1','2022-07-18 00:57:05','1','2022-07-19 11:56:37','',135),
(2473,124,1201,'1','2022-07-18 00:57:05','1','2022-07-19 11:56:37','',135),
(2474,124,1202,'1','2022-07-18 00:57:05','1','2022-07-19 11:56:37','',135),
(2475,124,1207,'1','2022-07-18 00:57:05','1','2022-07-19 11:56:37','',135),
(2476,124,1208,'1','2022-07-18 00:57:05','1','2022-07-19 11:56:37','',135),
(2477,124,1209,'1','2022-07-18 00:57:05','1','2022-07-19 11:56:37','',135),
(2478,124,1210,'1','2022-07-18 00:57:05','1','2022-07-19 11:56:37','',135),
(2479,124,1211,'1','2022-07-18 00:57:05','1','2022-07-19 11:56:37','',135),
(2480,124,1212,'1','2022-07-18 00:57:05','1','2022-07-19 11:56:37','',135),
(2481,124,1213,'1','2022-07-18 00:57:05','1','2022-07-19 11:56:37','',135),
(2482,124,1215,'1','2022-07-18 00:57:05','1','2022-07-19 11:56:37','',135),
(2483,124,1216,'1','2022-07-18 00:57:05','1','2022-07-19 11:56:37','',135),
(2484,124,1217,'1','2022-07-18 00:57:05','1','2022-07-19 11:56:37','',135),
(2485,124,1218,'1','2022-07-18 00:57:05','1','2022-07-19 11:56:37','',135),
(2486,124,1219,'1','2022-07-18 00:57:05','1','2022-07-19 11:56:37','',135),
(2487,124,1220,'1','2022-07-18 00:57:05','1','2022-07-19 11:56:37','',135),
(2488,124,1221,'1','2022-07-18 00:57:05','1','2022-07-19 11:56:37','',135),
(2489,124,1222,'1','2022-07-18 00:57:05','1','2022-07-19 11:56:37','',135),
(2490,124,1224,'1','2022-07-18 00:57:05','1','2022-07-19 11:56:37','',135),
(2491,124,1225,'1','2022-07-18 00:57:05','1','2022-07-19 11:56:37','',135),
(2492,124,1226,'1','2022-07-18 00:57:05','1','2022-07-19 11:56:37','',135),
(2493,124,1227,'1','2022-07-18 00:57:05','1','2022-07-19 11:56:37','',135),
(2494,124,1228,'1','2022-07-18 00:57:05','1','2022-07-19 11:56:37','',135),
(2495,124,1229,'1','2022-07-18 00:57:05','1','2022-07-19 11:56:37','',135),
(2496,124,1237,'1','2022-07-18 00:57:05','1','2022-07-19 11:56:37','',135),
(2497,124,1238,'1','2022-07-18 00:57:05','1','2022-07-19 11:56:37','',135),
(2498,124,1239,'1','2022-07-18 00:57:05','1','2022-07-19 11:56:37','',135),
(2499,124,1240,'1','2022-07-18 00:57:05','1','2022-07-19 11:56:37','',135),
(2500,124,1241,'1','2022-07-18 00:57:05','1','2022-07-19 11:56:37','',135),
(2501,124,1242,'1','2022-07-18 00:57:05','1','2022-07-19 11:56:37','',135),
(2502,124,1243,'1','2022-07-18 00:57:05','1','2022-07-19 11:56:37','',135),
(2503,124,1247,'1','2022-07-18 00:57:05','1','2022-07-19 11:56:37','',135),
(2504,124,1248,'1','2022-07-18 00:57:05','1','2022-07-19 11:56:37','',135),
(2505,124,1249,'1','2022-07-18 00:57:05','1','2022-07-19 11:56:37','',135),
(2506,124,1250,'1','2022-07-18 00:57:05','1','2022-07-19 11:56:37','',135),
(2507,124,1251,'1','2022-07-18 00:57:05','1','2022-07-19 11:56:37','',135),
(2508,124,1252,'1','2022-07-18 00:57:05','1','2022-07-19 11:56:37','',135),
(2509,124,1254,'1','2022-07-18 00:57:05','1','2022-07-19 11:56:37','',135),
(2510,124,1255,'1','2022-07-18 00:57:05','1','2022-07-19 11:56:37','',135),
(2511,124,1256,'1','2022-07-18 00:57:05','1','2022-07-19 11:56:37','',135),
(2512,124,1257,'1','2022-07-18 00:57:05','1','2022-07-19 11:56:37','',135),
(2513,124,1258,'1','2022-07-18 00:57:05','1','2022-07-19 11:56:37','',135),
(2514,124,1259,'1','2022-07-18 00:57:05','1','2022-07-19 11:56:37','',135),
(2515,124,1260,'1','2022-07-18 00:57:05','1','2022-07-19 11:56:37','',135),
(2516,124,1261,'1','2022-07-18 00:57:05','1','2022-07-19 11:56:37','',135),
(2517,124,1263,'1','2022-07-18 00:57:05','1','2022-07-19 11:56:37','',135),
(2518,124,1264,'1','2022-07-18 00:57:05','1','2022-07-19 11:56:37','',135),
(2519,124,1265,'1','2022-07-18 00:57:05','1','2022-07-19 11:56:37','',135),
(2520,124,1266,'1','2022-07-18 00:57:05','1','2022-07-19 11:56:37','',135),
(2521,124,1267,'1','2022-07-18 00:57:05','1','2022-07-19 11:56:37','',135),
(2522,124,1268,'1','2022-07-18 00:57:05','1','2022-07-19 11:56:37','',135),
(2523,124,1269,'1','2022-07-18 00:57:05','1','2022-07-19 11:56:37','',135),
(2524,124,1270,'1','2022-07-18 00:57:05','1','2022-07-19 11:56:37','',135),
(2525,124,1271,'1','2022-07-18 00:57:05','1','2022-07-19 11:56:37','',135),
(2526,124,1272,'1','2022-07-18 00:57:05','1','2022-07-19 11:56:37','',135),
(2527,124,1001,'1','2022-07-18 00:57:05','1','2022-07-19 11:56:37','',135),
(2528,124,1002,'1','2022-07-18 00:57:05','1','2022-07-19 11:56:37','',135),
(2529,124,1003,'1','2022-07-18 00:57:05','1','2022-07-19 11:56:37','',135),
(2530,124,1004,'1','2022-07-18 00:57:05','1','2022-07-19 11:56:37','',135),
(2531,124,1005,'1','2022-07-18 00:57:05','1','2022-07-19 11:56:37','',135),
(2532,124,1006,'1','2022-07-18 00:57:05','1','2022-07-19 11:56:37','',135),
(2533,124,1007,'1','2022-07-18 00:57:05','1','2022-07-19 11:56:37','',135),
(2534,124,1008,'1','2022-07-18 00:57:05','1','2022-07-19 11:56:37','',135),
(2535,124,1009,'1','2022-07-18 00:57:05','1','2022-07-19 11:56:37','',135),
(2536,124,1010,'1','2022-07-18 00:57:05','1','2022-07-19 11:56:37','',135),
(2537,124,1011,'1','2022-07-18 00:57:05','1','2022-07-19 11:56:37','',135),
(2538,124,1012,'1','2022-07-18 00:57:05','1','2022-07-19 11:56:37','',135),
(2539,124,500,'1','2022-07-18 00:57:05','1','2022-07-19 11:56:37','',135),
(2540,124,1013,'1','2022-07-18 00:57:05','1','2022-07-18 00:57:05','\0',135),
(2541,124,501,'1','2022-07-18 00:57:05','1','2022-07-19 11:56:37','',135),
(2542,124,1014,'1','2022-07-18 00:57:05','1','2022-07-18 00:57:05','\0',135),
(2543,124,1015,'1','2022-07-18 00:57:05','1','2022-07-18 00:57:05','\0',135),
(2544,124,1016,'1','2022-07-18 00:57:05','1','2022-07-18 00:57:05','\0',135),
(2545,124,1017,'1','2022-07-18 00:57:05','1','2022-07-18 00:57:05','\0',135),
(2546,124,1018,'1','2022-07-18 00:57:05','1','2022-07-18 00:57:05','\0',135),
(2547,124,1019,'1','2022-07-18 00:57:05','1','2022-07-18 00:57:05','\0',135),
(2548,124,1020,'1','2022-07-18 00:57:05','1','2022-07-18 00:57:05','\0',135),
(2549,124,1021,'1','2022-07-18 00:57:05','1','2022-07-18 00:57:05','\0',135),
(2550,124,1022,'1','2022-07-18 00:57:05','1','2022-07-18 00:57:05','\0',135),
(2551,124,1023,'1','2022-07-18 00:57:05','1','2022-07-18 00:57:05','\0',135),
(2552,125,1,'120','2022-07-18 12:17:11','120','2022-07-18 21:46:00','',135),
(2553,125,100,'120','2022-07-18 12:17:11','120','2022-07-18 21:46:00','',135),
(2554,125,103,'120','2022-07-18 12:17:11','120','2022-07-18 21:46:00','',135),
(2555,125,1001,'120','2022-07-18 12:17:11','120','2022-07-18 21:46:00','',135),
(2556,125,1002,'120','2022-07-18 12:17:11','120','2022-07-18 21:46:00','',135),
(2557,125,1003,'120','2022-07-18 12:17:11','120','2022-07-18 21:46:00','',135),
(2558,125,1004,'120','2022-07-18 12:17:11','120','2022-07-18 21:46:00','',135),
(2559,125,1005,'120','2022-07-18 12:17:11','120','2022-07-18 21:46:00','',135),
(2560,125,1006,'120','2022-07-18 12:17:11','120','2022-07-18 21:46:00','',135),
(2561,125,1007,'120','2022-07-18 12:17:11','120','2022-07-18 21:46:00','',135),
(2562,125,1268,'120','2022-07-18 12:17:11','120','2022-07-18 21:46:00','',135),
(2563,125,1269,'120','2022-07-18 12:17:11','120','2022-07-18 21:46:00','',135),
(2564,125,1270,'120','2022-07-18 12:17:11','120','2022-07-18 21:46:00','',135),
(2565,125,1271,'120','2022-07-18 12:17:11','120','2022-07-18 21:21:50','',135),
(2566,125,1272,'120','2022-07-18 12:17:11','120','2022-07-18 21:21:50','',135),
(2567,125,1017,'120','2022-07-18 12:17:11','120','2022-07-18 21:46:00','',135),
(2568,125,1018,'120','2022-07-18 12:17:11','120','2022-07-18 21:46:00','',135),
(2569,125,1019,'120','2022-07-18 12:17:11','120','2022-07-18 21:46:00','',135),
(2570,125,1020,'120','2022-07-18 12:17:11','120','2022-07-18 21:46:00','',135),
(2571,126,1,'120','2022-07-18 12:20:45','120','2022-07-18 21:45:57','',135),
(2572,126,100,'120','2022-07-18 12:20:45','120','2022-07-18 21:45:57','',135),
(2573,126,1001,'120','2022-07-18 12:20:45','120','2022-07-18 21:45:57','',135),
(2574,126,1002,'120','2022-07-18 12:20:45','120','2022-07-18 21:45:57','',135),
(2575,126,1003,'120','2022-07-18 12:20:45','120','2022-07-18 21:45:57','',135),
(2576,126,1004,'120','2022-07-18 12:20:45','120','2022-07-18 21:45:57','',135),
(2577,126,1005,'120','2022-07-18 12:20:45','120','2022-07-18 21:45:57','',135),
(2578,126,1006,'120','2022-07-18 12:20:45','120','2022-07-18 21:45:57','',135),
(2579,126,1007,'120','2022-07-18 12:20:45','120','2022-07-18 21:45:57','',135),
(2580,126,1268,'120','2022-07-18 12:20:45','120','2022-07-18 21:45:57','',135),
(2581,126,1269,'120','2022-07-18 12:20:45','120','2022-07-18 21:45:57','',135),
(2582,126,1270,'120','2022-07-18 12:20:45','120','2022-07-18 21:45:57','',135),
(2583,126,1271,'120','2022-07-18 12:20:45','120','2022-07-18 21:21:47','',135),
(2584,126,1272,'120','2022-07-18 12:20:45','120','2022-07-18 21:21:47','',135),
(2585,127,1272,'120','2022-07-18 12:21:25','120','2022-07-18 21:21:44','',135),
(2586,127,1268,'120','2022-07-18 12:21:25','120','2022-07-18 21:05:21','',135),
(2587,127,1269,'120','2022-07-18 12:21:25','120','2022-07-18 21:05:21','',135),
(2588,127,1270,'120','2022-07-18 12:21:25','120','2022-07-18 21:05:21','',135),
(2589,127,1271,'120','2022-07-18 12:21:25','120','2022-07-18 21:21:44','',135),
(2590,126,1185,'120','2022-07-18 21:04:14','120','2022-07-18 21:45:57','',135),
(2591,126,1221,'120','2022-07-18 21:04:14','120','2022-07-18 21:45:57','',135),
(2592,126,1222,'120','2022-07-18 21:04:14','120','2022-07-18 21:45:57','',135),
(2593,126,1200,'120','2022-07-18 21:04:14','120','2022-07-18 21:45:57','',135),
(2594,126,1207,'120','2022-07-18 21:04:14','120','2022-07-18 21:45:57','',135),
(2595,125,1221,'120','2022-07-18 21:04:28','120','2022-07-18 21:46:00','',135),
(2596,125,1222,'120','2022-07-18 21:04:28','120','2022-07-18 21:46:00','',135),
(2597,125,1185,'120','2022-07-18 21:04:28','120','2022-07-18 21:46:00','',135),
(2598,125,1200,'120','2022-07-18 21:04:28','120','2022-07-18 21:46:00','',135),
(2599,125,1207,'120','2022-07-18 21:04:28','120','2022-07-18 21:46:00','',135),
(2600,127,1268,'120','2022-07-18 21:05:29','120','2022-07-18 21:45:55','',135),
(2601,127,1269,'120','2022-07-18 21:05:29','120','2022-07-18 21:45:55','',135),
(2602,127,1270,'120','2022-07-18 21:05:29','120','2022-07-18 21:45:55','',135),
(2603,128,1268,'120','2022-07-18 22:56:44','120','2022-07-19 11:56:37','',135),
(2604,128,1269,'120','2022-07-18 22:56:44','120','2022-07-19 11:56:37','',135),
(2605,128,1270,'120','2022-07-18 22:56:44','120','2022-07-19 11:56:37','',135),
(2606,129,1268,'120','2022-07-18 22:57:20','120','2022-07-19 11:56:37','',135),
(2607,129,1269,'120','2022-07-18 22:57:20','120','2022-07-19 11:56:37','',135),
(2608,129,1270,'120','2022-07-18 22:57:20','120','2022-07-19 11:56:37','',135),
(2609,130,1268,'120','2022-07-18 22:58:00','120','2022-07-19 11:56:37','',135),
(2610,130,1269,'120','2022-07-18 22:58:00','120','2022-07-19 11:56:37','',135),
(2611,130,1270,'120','2022-07-18 22:58:00','120','2022-07-19 11:56:37','',135),
(2612,124,1026,'1','2022-07-19 11:57:16','1','2022-07-19 11:57:16','\0',135),
(2613,124,2,'1','2022-07-19 11:57:16','1','2022-07-19 11:57:16','\0',135),
(2614,124,1027,'1','2022-07-19 11:57:16','1','2022-07-19 11:57:16','\0',135),
(2615,124,1028,'1','2022-07-19 11:57:16','1','2022-07-19 11:57:16','\0',135),
(2616,124,1029,'1','2022-07-19 11:57:16','1','2022-07-19 11:57:16','\0',135),
(2617,124,5,'1','2022-07-19 11:57:16','1','2022-07-19 11:57:16','\0',135),
(2618,124,1030,'1','2022-07-19 11:57:16','1','2022-07-19 11:57:16','\0',135),
(2619,124,1031,'1','2022-07-19 11:57:16','1','2022-07-19 11:57:16','\0',135),
(2620,124,1032,'1','2022-07-19 11:57:16','1','2022-07-19 11:57:16','\0',135),
(2621,124,1033,'1','2022-07-19 11:57:16','1','2022-07-19 11:57:16','\0',135),
(2622,124,1034,'1','2022-07-19 11:57:16','1','2022-07-19 11:57:16','\0',135),
(2623,124,1035,'1','2022-07-19 11:57:16','1','2022-07-19 11:57:16','\0',135),
(2624,124,1036,'1','2022-07-19 11:57:16','1','2022-07-19 11:57:16','\0',135),
(2625,124,1037,'1','2022-07-19 11:57:16','1','2022-07-19 11:57:16','\0',135),
(2626,124,1038,'1','2022-07-19 11:57:16','1','2022-07-19 11:57:16','\0',135),
(2627,124,1039,'1','2022-07-19 11:57:16','1','2022-07-19 11:57:16','\0',135),
(2628,124,1040,'1','2022-07-19 11:57:16','1','2022-07-19 11:57:16','\0',135),
(2629,124,1042,'1','2022-07-19 11:57:16','1','2022-07-19 11:57:16','\0',135),
(2630,124,1043,'1','2022-07-19 11:57:16','1','2022-07-19 11:57:16','\0',135),
(2631,124,1045,'1','2022-07-19 11:57:16','1','2022-07-19 11:57:16','\0',135),
(2632,124,1046,'1','2022-07-19 11:57:16','1','2022-07-19 11:57:16','\0',135),
(2633,124,1048,'1','2022-07-19 11:57:16','1','2022-07-19 11:57:16','\0',135),
(2634,124,1050,'1','2022-07-19 11:57:16','1','2022-07-19 11:57:16','\0',135),
(2635,124,1051,'1','2022-07-19 11:57:16','1','2022-07-19 11:57:16','\0',135),
(2636,124,1052,'1','2022-07-19 11:57:16','1','2022-07-19 11:57:16','\0',135),
(2637,124,1053,'1','2022-07-19 11:57:16','1','2022-07-19 11:57:16','\0',135),
(2638,124,1054,'1','2022-07-19 11:57:16','1','2022-07-19 11:57:16','\0',135),
(2639,124,1056,'1','2022-07-19 11:57:16','1','2022-07-19 11:57:16','\0',135),
(2640,124,1057,'1','2022-07-19 11:57:16','1','2022-07-19 11:57:16','\0',135),
(2641,124,1058,'1','2022-07-19 11:57:16','1','2022-07-19 11:57:16','\0',135),
(2642,124,1059,'1','2022-07-19 11:57:16','1','2022-07-19 11:57:16','\0',135),
(2643,124,1060,'1','2022-07-19 11:57:16','1','2022-07-19 11:57:16','\0',135),
(2644,124,1063,'1','2022-07-19 11:57:16','1','2022-07-19 11:57:16','\0',135),
(2645,124,1064,'1','2022-07-19 11:57:16','1','2022-07-19 11:57:16','\0',135),
(2646,124,1065,'1','2022-07-19 11:57:16','1','2022-07-19 11:57:16','\0',135),
(2647,124,1066,'1','2022-07-19 11:57:16','1','2022-07-19 11:57:16','\0',135),
(2648,124,1067,'1','2022-07-19 11:57:16','1','2022-07-19 11:57:16','\0',135),
(2649,124,1070,'1','2022-07-19 11:57:16','1','2022-07-19 11:57:16','\0',135),
(2650,124,1071,'1','2022-07-19 11:57:16','1','2022-07-19 11:57:16','\0',135),
(2651,124,1072,'1','2022-07-19 11:57:16','1','2022-07-19 11:57:16','\0',135),
(2652,124,1073,'1','2022-07-19 11:57:16','1','2022-07-19 11:57:16','\0',135),
(2653,124,1074,'1','2022-07-19 11:57:16','1','2022-07-19 11:57:16','\0',135),
(2654,124,1075,'1','2022-07-19 11:57:16','1','2022-07-19 11:57:16','\0',135),
(2655,124,1076,'1','2022-07-19 11:57:16','1','2022-07-19 11:57:16','\0',135),
(2656,124,1077,'1','2022-07-19 11:57:16','1','2022-07-19 11:57:16','\0',135),
(2657,124,1078,'1','2022-07-19 11:57:16','1','2022-07-19 11:57:16','\0',135),
(2658,124,1082,'1','2022-07-19 11:57:16','1','2022-07-19 11:57:16','\0',135),
(2659,124,1083,'1','2022-07-19 11:57:16','1','2022-07-19 11:57:16','\0',135),
(2660,124,1084,'1','2022-07-19 11:57:16','1','2022-07-19 11:57:16','\0',135),
(2661,124,1085,'1','2022-07-19 11:57:16','1','2022-07-19 11:57:16','\0',135),
(2662,124,1086,'1','2022-07-19 11:57:16','1','2022-07-19 11:57:16','\0',135),
(2663,124,1087,'1','2022-07-19 11:57:16','1','2022-07-19 11:57:16','\0',135),
(2664,124,1088,'1','2022-07-19 11:57:16','1','2022-07-19 11:57:16','\0',135),
(2665,124,1089,'1','2022-07-19 11:57:16','1','2022-07-19 11:57:16','\0',135),
(2666,124,1090,'1','2022-07-19 11:57:16','1','2022-07-19 11:57:16','\0',135),
(2667,124,1091,'1','2022-07-19 11:57:16','1','2022-07-19 11:57:16','\0',135),
(2668,124,1092,'1','2022-07-19 11:57:16','1','2022-07-19 11:57:16','\0',135),
(2669,124,1093,'1','2022-07-19 11:57:16','1','2022-07-19 11:57:16','\0',135),
(2670,124,1094,'1','2022-07-19 11:57:16','1','2022-07-19 11:57:16','\0',135),
(2671,124,1095,'1','2022-07-19 11:57:16','1','2022-07-19 11:57:16','\0',135),
(2672,124,1096,'1','2022-07-19 11:57:16','1','2022-07-19 11:57:16','\0',135),
(2673,124,1097,'1','2022-07-19 11:57:16','1','2022-07-19 11:57:16','\0',135),
(2674,124,1098,'1','2022-07-19 11:57:16','1','2022-07-19 11:57:16','\0',135),
(2675,124,1100,'1','2022-07-19 11:57:16','1','2022-07-19 11:57:16','\0',135),
(2676,124,1101,'1','2022-07-19 11:57:16','1','2022-07-19 11:57:16','\0',135),
(2677,124,1102,'1','2022-07-19 11:57:16','1','2022-07-19 11:57:16','\0',135),
(2678,124,1103,'1','2022-07-19 11:57:16','1','2022-07-19 11:57:16','\0',135),
(2679,124,1104,'1','2022-07-19 11:57:16','1','2022-07-19 11:57:16','\0',135),
(2680,124,1105,'1','2022-07-19 11:57:16','1','2022-07-19 11:57:16','\0',135),
(2681,124,1106,'1','2022-07-19 11:57:16','1','2022-07-19 11:57:16','\0',135),
(2682,124,1107,'1','2022-07-19 11:57:16','1','2022-07-19 11:57:16','\0',135),
(2683,124,1108,'1','2022-07-19 11:57:16','1','2022-07-19 11:57:16','\0',135),
(2684,124,1109,'1','2022-07-19 11:57:16','1','2022-07-19 11:57:16','\0',135),
(2685,124,1110,'1','2022-07-19 11:57:16','1','2022-07-19 11:57:16','\0',135),
(2686,124,1111,'1','2022-07-19 11:57:16','1','2022-07-19 11:57:16','\0',135),
(2687,124,1112,'1','2022-07-19 11:57:16','1','2022-07-19 11:57:16','\0',135),
(2688,124,1113,'1','2022-07-19 11:57:16','1','2022-07-19 11:57:16','\0',135),
(2689,124,1114,'1','2022-07-19 11:57:16','1','2022-07-19 11:57:16','\0',135),
(2690,124,1115,'1','2022-07-19 11:57:16','1','2022-07-19 11:57:16','\0',135),
(2691,124,1117,'1','2022-07-19 11:57:16','1','2022-07-19 11:57:16','\0',135),
(2692,124,1118,'1','2022-07-19 11:57:16','1','2022-07-19 11:57:16','\0',135),
(2693,124,1119,'1','2022-07-19 11:57:16','1','2022-07-19 11:57:16','\0',135),
(2694,124,1120,'1','2022-07-19 11:57:16','1','2022-07-19 11:57:16','\0',135),
(2695,124,100,'1','2022-07-19 11:57:16','1','2022-07-19 11:57:16','\0',135),
(2696,124,101,'1','2022-07-19 11:57:16','1','2022-07-19 11:57:16','\0',135),
(2697,124,1126,'1','2022-07-19 11:57:16','1','2022-07-19 11:57:16','\0',135),
(2698,124,1127,'1','2022-07-19 11:57:16','1','2022-07-19 11:57:16','\0',135),
(2699,124,1128,'1','2022-07-19 11:57:16','1','2022-07-19 11:57:16','\0',135),
(2700,124,105,'1','2022-07-19 11:57:16','1','2022-07-19 11:57:16','\0',135),
(2701,124,1129,'1','2022-07-19 11:57:16','1','2022-07-19 11:57:16','\0',135),
(2702,124,1130,'1','2022-07-19 11:57:16','1','2022-07-19 11:57:16','\0',135),
(2703,124,106,'1','2022-07-19 11:57:16','1','2022-07-19 11:57:16','\0',135),
(2704,124,107,'1','2022-07-19 11:57:16','1','2022-07-19 11:57:16','\0',135),
(2705,124,1131,'1','2022-07-19 11:57:16','1','2022-07-19 11:57:16','\0',135),
(2706,124,108,'1','2022-07-19 11:57:16','1','2022-07-19 11:57:16','\0',135),
(2707,124,1132,'1','2022-07-19 11:57:16','1','2022-07-19 11:57:16','\0',135),
(2708,124,109,'1','2022-07-19 11:57:16','1','2022-07-19 11:57:16','\0',135),
(2709,124,1133,'1','2022-07-19 11:57:16','1','2022-07-19 11:57:16','\0',135),
(2710,124,1134,'1','2022-07-19 11:57:16','1','2022-07-19 11:57:16','\0',135),
(2711,124,110,'1','2022-07-19 11:57:16','1','2022-07-19 11:57:16','\0',135),
(2712,124,1135,'1','2022-07-19 11:57:16','1','2022-07-19 11:57:16','\0',135),
(2713,124,111,'1','2022-07-19 11:57:16','1','2022-07-19 11:57:16','\0',135),
(2714,124,1136,'1','2022-07-19 11:57:16','1','2022-07-19 11:57:16','\0',135),
(2715,124,112,'1','2022-07-19 11:57:16','1','2022-07-19 11:57:16','\0',135),
(2716,124,1137,'1','2022-07-19 11:57:16','1','2022-07-19 11:57:16','\0',135),
(2717,124,113,'1','2022-07-19 11:57:16','1','2022-07-19 11:57:16','\0',135),
(2718,124,1138,'1','2022-07-19 11:57:16','1','2022-07-19 11:57:16','\0',135),
(2719,124,114,'1','2022-07-19 11:57:16','1','2022-07-19 11:57:16','\0',135),
(2720,124,1139,'1','2022-07-19 11:57:16','1','2022-07-19 11:57:16','\0',135),
(2721,124,115,'1','2022-07-19 11:57:16','1','2022-07-19 11:57:16','\0',135),
(2722,124,1140,'1','2022-07-19 11:57:16','1','2022-07-19 11:57:16','\0',135),
(2723,124,116,'1','2022-07-19 11:57:16','1','2022-07-19 11:57:16','\0',135),
(2724,124,1141,'1','2022-07-19 11:57:16','1','2022-07-19 11:57:16','\0',135),
(2725,124,1142,'1','2022-07-19 11:57:16','1','2022-07-19 11:57:16','\0',135),
(2726,124,1143,'1','2022-07-19 11:57:16','1','2022-07-19 11:57:16','\0',135),
(2727,124,1150,'1','2022-07-19 11:57:16','1','2022-07-19 11:57:16','\0',135),
(2728,124,1161,'1','2022-07-19 11:57:16','1','2022-07-19 11:57:16','\0',135),
(2729,124,1162,'1','2022-07-19 11:57:16','1','2022-07-19 11:57:16','\0',135),
(2730,124,1163,'1','2022-07-19 11:57:16','1','2022-07-19 11:57:16','\0',135),
(2731,124,1164,'1','2022-07-19 11:57:16','1','2022-07-19 11:57:16','\0',135),
(2732,124,1165,'1','2022-07-19 11:57:16','1','2022-07-19 11:57:16','\0',135),
(2733,124,1166,'1','2022-07-19 11:57:16','1','2022-07-19 11:57:16','\0',135),
(2734,124,1173,'1','2022-07-19 11:57:16','1','2022-07-19 11:57:16','\0',135),
(2735,124,1174,'1','2022-07-19 11:57:16','1','2022-07-19 11:57:16','\0',135),
(2736,124,1175,'1','2022-07-19 11:57:16','1','2022-07-19 11:57:16','\0',135),
(2737,124,1176,'1','2022-07-19 11:57:16','1','2022-07-19 11:57:16','\0',135),
(2738,124,1177,'1','2022-07-19 11:57:16','1','2022-07-19 11:57:16','\0',135),
(2739,124,1178,'1','2022-07-19 11:57:16','1','2022-07-19 11:57:16','\0',135),
(2740,124,1179,'1','2022-07-19 11:57:16','1','2022-07-19 11:57:16','\0',135),
(2741,124,1180,'1','2022-07-19 11:57:16','1','2022-07-19 11:57:16','\0',135),
(2742,124,1181,'1','2022-07-19 11:57:16','1','2022-07-19 11:57:16','\0',135),
(2743,124,1182,'1','2022-07-19 11:57:16','1','2022-07-19 11:57:16','\0',135),
(2744,124,1183,'1','2022-07-19 11:57:16','1','2022-07-19 11:57:16','\0',135),
(2745,124,1184,'1','2022-07-19 11:57:16','1','2022-07-19 11:57:16','\0',135),
(2746,124,1185,'1','2022-07-19 11:57:16','1','2022-07-19 11:57:16','\0',135),
(2747,124,1186,'1','2022-07-19 11:57:16','1','2022-07-19 11:57:16','\0',135),
(2748,124,1187,'1','2022-07-19 11:57:16','1','2022-07-19 11:57:16','\0',135),
(2749,124,1188,'1','2022-07-19 11:57:16','1','2022-07-19 11:57:16','\0',135),
(2750,124,1189,'1','2022-07-19 11:57:16','1','2022-07-19 11:57:16','\0',135),
(2751,124,1190,'1','2022-07-19 11:57:16','1','2022-07-19 11:57:16','\0',135),
(2752,124,1191,'1','2022-07-19 11:57:16','1','2022-07-19 11:57:16','\0',135),
(2753,124,1192,'1','2022-07-19 11:57:16','1','2022-07-19 11:57:16','\0',135),
(2754,124,1193,'1','2022-07-19 11:57:16','1','2022-07-19 11:57:16','\0',135),
(2755,124,1194,'1','2022-07-19 11:57:16','1','2022-07-19 11:57:16','\0',135),
(2756,124,1195,'1','2022-07-19 11:57:16','1','2022-07-19 11:57:16','\0',135),
(2757,124,1196,'1','2022-07-19 11:57:16','1','2022-07-19 11:57:16','\0',135),
(2758,124,1197,'1','2022-07-19 11:57:16','1','2022-07-19 11:57:16','\0',135),
(2759,124,1198,'1','2022-07-19 11:57:16','1','2022-07-19 11:57:16','\0',135),
(2760,124,1199,'1','2022-07-19 11:57:16','1','2022-07-19 11:57:16','\0',135),
(2761,124,1200,'1','2022-07-19 11:57:16','1','2022-07-19 11:57:16','\0',135),
(2762,124,1201,'1','2022-07-19 11:57:16','1','2022-07-19 11:57:16','\0',135),
(2763,124,1202,'1','2022-07-19 11:57:16','1','2022-07-19 11:57:16','\0',135),
(2764,124,1207,'1','2022-07-19 11:57:16','1','2022-07-19 11:57:16','\0',135),
(2765,124,1208,'1','2022-07-19 11:57:16','1','2022-07-19 11:57:16','\0',135),
(2766,124,1209,'1','2022-07-19 11:57:16','1','2022-07-19 11:57:16','\0',135),
(2767,124,1210,'1','2022-07-19 11:57:16','1','2022-07-19 11:57:16','\0',135),
(2768,124,1211,'1','2022-07-19 11:57:16','1','2022-07-19 11:57:16','\0',135),
(2769,124,1212,'1','2022-07-19 11:57:16','1','2022-07-19 11:57:16','\0',135),
(2770,124,1213,'1','2022-07-19 11:57:16','1','2022-07-19 11:57:16','\0',135),
(2771,124,1215,'1','2022-07-19 11:57:16','1','2022-07-19 11:57:16','\0',135),
(2772,124,1216,'1','2022-07-19 11:57:16','1','2022-07-19 11:57:16','\0',135),
(2773,124,1217,'1','2022-07-19 11:57:16','1','2022-07-19 11:57:16','\0',135),
(2774,124,1218,'1','2022-07-19 11:57:16','1','2022-07-19 11:57:16','\0',135),
(2775,124,1219,'1','2022-07-19 11:57:16','1','2022-07-19 11:57:16','\0',135),
(2776,124,1220,'1','2022-07-19 11:57:16','1','2022-07-19 11:57:16','\0',135),
(2777,124,1221,'1','2022-07-19 11:57:16','1','2022-07-19 11:57:16','\0',135),
(2778,124,1222,'1','2022-07-19 11:57:16','1','2022-07-19 11:57:16','\0',135),
(2779,124,1224,'1','2022-07-19 11:57:16','1','2022-07-19 11:57:16','\0',135),
(2780,124,1225,'1','2022-07-19 11:57:16','1','2022-07-19 11:57:16','\0',135),
(2781,124,1226,'1','2022-07-19 11:57:16','1','2022-07-19 11:57:16','\0',135),
(2782,124,1227,'1','2022-07-19 11:57:16','1','2022-07-19 11:57:16','\0',135),
(2783,124,1228,'1','2022-07-19 11:57:16','1','2022-07-19 11:57:16','\0',135),
(2784,124,1229,'1','2022-07-19 11:57:16','1','2022-07-19 11:57:16','\0',135),
(2785,124,1237,'1','2022-07-19 11:57:16','1','2022-07-19 11:57:16','\0',135),
(2786,124,1238,'1','2022-07-19 11:57:16','1','2022-07-19 11:57:16','\0',135),
(2787,124,1239,'1','2022-07-19 11:57:16','1','2022-07-19 11:57:16','\0',135),
(2788,124,1240,'1','2022-07-19 11:57:16','1','2022-07-19 11:57:16','\0',135),
(2789,124,1241,'1','2022-07-19 11:57:16','1','2022-07-19 11:57:16','\0',135),
(2790,124,1242,'1','2022-07-19 11:57:16','1','2022-07-19 11:57:16','\0',135),
(2791,124,1243,'1','2022-07-19 11:57:16','1','2022-07-19 11:57:16','\0',135),
(2792,124,1247,'1','2022-07-19 11:57:16','1','2022-07-19 11:57:16','\0',135),
(2793,124,1248,'1','2022-07-19 11:57:16','1','2022-07-19 11:57:16','\0',135),
(2794,124,1249,'1','2022-07-19 11:57:16','1','2022-07-19 11:57:16','\0',135),
(2795,124,1250,'1','2022-07-19 11:57:16','1','2022-07-19 11:57:16','\0',135),
(2796,124,1251,'1','2022-07-19 11:57:16','1','2022-07-19 11:57:16','\0',135),
(2797,124,1252,'1','2022-07-19 11:57:16','1','2022-07-19 11:57:16','\0',135),
(2798,124,1254,'1','2022-07-19 11:57:16','1','2022-07-19 11:57:25','',135),
(2799,124,1255,'1','2022-07-19 11:57:16','1','2022-07-19 11:57:16','\0',135),
(2800,124,1256,'1','2022-07-19 11:57:16','1','2022-07-19 11:57:16','\0',135),
(2801,124,1257,'1','2022-07-19 11:57:16','1','2022-07-19 11:57:16','\0',135),
(2802,124,1258,'1','2022-07-19 11:57:16','1','2022-07-19 11:57:16','\0',135),
(2803,124,1259,'1','2022-07-19 11:57:16','1','2022-07-19 11:57:16','\0',135),
(2804,124,1260,'1','2022-07-19 11:57:16','1','2022-07-19 11:57:16','\0',135),
(2805,124,1261,'1','2022-07-19 11:57:16','1','2022-07-19 11:57:16','\0',135),
(2806,124,1263,'1','2022-07-19 11:57:16','1','2022-07-19 11:57:16','\0',135),
(2807,124,1264,'1','2022-07-19 11:57:16','1','2022-07-19 11:57:16','\0',135),
(2808,124,1265,'1','2022-07-19 11:57:16','1','2022-07-19 11:57:16','\0',135),
(2809,124,1266,'1','2022-07-19 11:57:16','1','2022-07-19 11:57:16','\0',135),
(2810,124,1267,'1','2022-07-19 11:57:16','1','2022-07-19 11:57:16','\0',135),
(2811,124,1268,'1','2022-07-19 11:57:16','1','2022-07-19 11:57:16','\0',135),
(2812,124,1269,'1','2022-07-19 11:57:16','1','2022-07-19 11:57:16','\0',135),
(2813,124,1270,'1','2022-07-19 11:57:16','1','2022-07-19 11:57:16','\0',135),
(2814,124,1271,'1','2022-07-19 11:57:16','1','2022-07-19 11:57:16','\0',135),
(2815,124,1272,'1','2022-07-19 11:57:16','1','2022-07-19 11:57:16','\0',135),
(2816,124,1001,'1','2022-07-19 11:57:16','1','2022-07-19 11:57:16','\0',135),
(2817,124,1002,'1','2022-07-19 11:57:16','1','2022-07-19 11:57:16','\0',135),
(2818,124,1003,'1','2022-07-19 11:57:16','1','2022-07-19 11:57:16','\0',135),
(2819,124,1004,'1','2022-07-19 11:57:16','1','2022-07-19 11:57:16','\0',135),
(2820,124,1005,'1','2022-07-19 11:57:16','1','2022-07-19 11:57:16','\0',135),
(2821,124,1006,'1','2022-07-19 11:57:16','1','2022-07-19 11:57:16','\0',135),
(2822,124,1007,'1','2022-07-19 11:57:16','1','2022-07-19 11:57:16','\0',135),
(2823,124,1008,'1','2022-07-19 11:57:16','1','2022-07-19 11:57:16','\0',135),
(2824,124,1009,'1','2022-07-19 11:57:16','1','2022-07-19 11:57:16','\0',135),
(2825,124,1010,'1','2022-07-19 11:57:16','1','2022-07-19 11:57:16','\0',135),
(2826,124,1011,'1','2022-07-19 11:57:16','1','2022-07-19 11:57:16','\0',135),
(2827,124,1012,'1','2022-07-19 11:57:16','1','2022-07-19 11:57:16','\0',135),
(2828,124,500,'1','2022-07-19 11:57:16','1','2022-07-19 11:57:16','\0',135),
(2829,124,501,'1','2022-07-19 11:57:16','1','2022-07-19 11:57:16','\0',135),
(2830,124,1273,'1','2022-07-19 11:57:25','1','2022-07-19 11:57:25','\0',135),
(2831,124,1274,'1','2022-07-19 11:57:25','1','2022-07-19 11:57:25','\0',135),
(2832,130,1273,'120','2022-07-19 11:58:35','120','2022-07-19 11:58:35','\0',135),
(2833,130,1274,'120','2022-07-19 11:58:35','120','2022-07-19 11:58:35','\0',135),
(2834,130,1268,'120','2022-07-19 11:58:35','120','2022-07-19 11:58:35','\0',135),
(2835,130,1269,'120','2022-07-19 11:58:35','120','2022-07-19 11:58:35','\0',135),
(2836,130,1270,'120','2022-07-19 11:58:35','120','2022-07-19 11:58:35','\0',135),
(2837,129,1273,'120','2022-07-19 11:58:40','120','2022-07-19 11:58:40','\0',135),
(2838,129,1274,'120','2022-07-19 11:58:40','120','2022-07-19 11:58:40','\0',135),
(2839,129,1268,'120','2022-07-19 11:58:40','120','2022-07-19 11:58:40','\0',135),
(2840,129,1269,'120','2022-07-19 11:58:40','120','2022-07-19 11:58:40','\0',135),
(2841,129,1270,'120','2022-07-19 11:58:40','120','2022-07-19 11:58:40','\0',135),
(2842,128,1273,'120','2022-07-19 11:58:44','120','2022-07-19 11:58:44','\0',135),
(2843,128,1274,'120','2022-07-19 11:58:44','120','2022-07-19 11:58:44','\0',135),
(2844,128,1268,'120','2022-07-19 11:58:44','120','2022-07-19 11:58:44','\0',135),
(2845,128,1269,'120','2022-07-19 11:58:44','120','2022-07-19 11:58:44','\0',135),
(2846,128,1270,'120','2022-07-19 11:58:44','120','2022-07-19 11:58:44','\0',135),
(2847,130,1200,'120','2022-07-19 11:59:01','120','2022-07-20 14:55:31','',135),
(2848,130,1185,'120','2022-07-19 11:59:01','120','2022-07-20 14:55:31','',135),
(2849,130,1221,'120','2022-07-19 11:59:01','120','2022-07-20 14:55:31','',135),
(2850,130,1222,'120','2022-07-19 11:59:01','120','2022-07-20 14:55:31','',135),
(2851,130,1207,'120','2022-07-19 11:59:01','120','2022-07-20 14:55:31','',135),
(2852,128,1200,'120','2022-07-19 11:59:16','120','2022-07-20 14:55:52','',135),
(2853,128,1185,'120','2022-07-19 11:59:16','120','2022-07-20 14:55:52','',135),
(2854,128,1221,'120','2022-07-19 11:59:16','120','2022-07-20 14:55:52','',135),
(2855,128,1222,'120','2022-07-19 11:59:16','120','2022-07-20 14:55:52','',135),
(2856,128,1207,'120','2022-07-19 11:59:16','120','2022-07-20 14:55:52','',135),
(2857,124,1275,'1','2022-07-19 12:22:56','1','2022-07-19 12:22:56','\0',135),
(2858,124,1276,'1','2022-07-19 12:22:56','1','2022-07-19 12:22:56','\0',135),
(2859,130,1275,'120','2022-07-19 12:23:17','120','2022-07-19 12:23:17','\0',135),
(2860,130,1276,'120','2022-07-19 12:23:17','120','2022-07-19 12:23:17','\0',135),
(2861,129,1275,'120','2022-07-19 12:23:23','120','2022-07-19 12:23:23','\0',135),
(2862,129,1276,'120','2022-07-19 12:23:23','120','2022-07-19 12:23:23','\0',135),
(2863,128,1275,'120','2022-07-19 12:23:30','120','2022-07-19 12:23:30','\0',135),
(2864,128,1276,'120','2022-07-19 12:23:30','120','2022-07-19 12:23:30','\0',135),
(2865,130,1219,'120','2022-07-19 18:08:13','120','2022-07-20 14:55:31','',135),
(2866,130,1220,'120','2022-07-19 18:08:13','120','2022-07-20 14:55:31','',135),
(2867,130,1201,'120','2022-07-19 18:08:13','120','2022-07-20 14:55:31','',135),
(2868,130,1202,'120','2022-07-19 18:08:13','120','2022-07-20 14:55:31','',135),
(2869,130,1208,'120','2022-07-19 18:08:13','120','2022-07-20 14:55:31','',135),
(2870,129,1185,'120','2022-07-19 18:08:26','120','2022-07-20 14:55:42','',135),
(2871,129,1219,'120','2022-07-19 18:08:26','120','2022-07-20 14:55:42','',135),
(2872,129,1220,'120','2022-07-19 18:08:26','120','2022-07-20 14:55:42','',135),
(2873,129,1221,'120','2022-07-19 18:08:26','120','2022-07-20 14:55:42','',135),
(2874,129,1222,'120','2022-07-19 18:08:26','120','2022-07-20 14:55:42','',135),
(2875,129,1200,'120','2022-07-19 18:08:26','120','2022-07-20 14:55:42','',135),
(2876,129,1201,'120','2022-07-19 18:08:26','120','2022-07-20 14:55:42','',135),
(2877,129,1202,'120','2022-07-19 18:08:26','120','2022-07-20 14:55:42','',135),
(2878,129,1207,'120','2022-07-19 18:08:26','120','2022-07-20 14:55:42','',135),
(2879,129,1208,'120','2022-07-19 18:08:26','120','2022-07-20 14:55:42','',135),
(2880,128,1219,'120','2022-07-19 18:08:33','120','2022-07-20 14:55:52','',135),
(2881,128,1220,'120','2022-07-19 18:08:33','120','2022-07-20 14:55:52','',135),
(2882,128,1201,'120','2022-07-19 18:08:33','120','2022-07-20 14:55:52','',135),
(2883,128,1202,'120','2022-07-19 18:08:33','120','2022-07-20 14:55:52','',135),
(2884,128,1208,'120','2022-07-19 18:08:33','120','2022-07-20 14:55:52','',135),
(2885,124,1279,'1','2022-07-20 14:54:28','1','2022-07-20 14:54:28','\0',135),
(2886,124,1280,'1','2022-07-20 14:54:28','1','2022-07-20 14:54:28','\0',135),
(2887,124,1281,'1','2022-07-20 14:54:28','1','2022-07-20 14:54:28','\0',135),
(2888,124,1282,'1','2022-07-20 14:54:28','1','2022-07-20 14:54:28','\0',135),
(2889,124,1283,'1','2022-07-20 14:54:28','1','2022-07-20 14:54:28','\0',135),
(2890,124,1284,'1','2022-07-20 14:54:28','1','2022-07-20 14:54:28','\0',135),
(2891,130,1280,'120','2022-07-20 14:55:32','120','2022-07-20 14:55:32','\0',135),
(2892,130,1281,'120','2022-07-20 14:55:32','120','2022-07-20 14:55:32','\0',135),
(2893,130,1282,'120','2022-07-20 14:55:32','120','2022-07-20 14:55:32','\0',135),
(2894,130,1283,'120','2022-07-20 14:55:32','120','2022-07-20 14:55:32','\0',135),
(2895,130,1284,'120','2022-07-20 14:55:32','120','2022-07-20 14:55:32','\0',135),
(2896,130,1279,'120','2022-07-20 14:55:32','120','2022-07-20 14:55:32','\0',135),
(2897,129,1280,'120','2022-07-20 14:55:43','120','2022-08-08 14:39:37','',135),
(2898,129,1281,'120','2022-07-20 14:55:43','120','2022-08-08 14:39:37','',135),
(2899,129,1282,'120','2022-07-20 14:55:43','120','2022-08-08 14:39:37','',135),
(2900,129,1283,'120','2022-07-20 14:55:43','120','2022-08-08 14:39:37','',135),
(2901,129,1284,'120','2022-07-20 14:55:43','120','2022-08-08 14:39:37','',135),
(2902,129,1279,'120','2022-07-20 14:55:43','120','2022-08-08 14:39:37','',135),
(2903,128,1280,'120','2022-07-20 14:55:52','120','2022-07-20 14:55:52','\0',135),
(2904,128,1281,'120','2022-07-20 14:55:52','120','2022-07-20 14:55:52','\0',135),
(2905,128,1282,'120','2022-07-20 14:55:52','120','2022-07-20 14:55:52','\0',135),
(2906,128,1283,'120','2022-07-20 14:55:52','120','2022-07-20 14:55:52','\0',135),
(2907,128,1284,'120','2022-07-20 14:55:52','120','2022-07-20 14:55:52','\0',135),
(2908,128,1279,'120','2022-07-20 14:55:52','120','2022-07-20 14:55:52','\0',135),
(2909,129,1185,'120','2022-07-22 14:56:16','120','2022-08-05 16:44:43','',135),
(2910,129,1219,'120','2022-07-22 14:56:16','120','2022-07-22 15:22:25','',135),
(2911,129,1220,'120','2022-07-22 14:56:16','120','2022-07-22 15:22:25','',135),
(2912,129,1200,'120','2022-07-22 14:56:16','120','2022-07-22 15:22:25','',135),
(2913,129,1201,'120','2022-07-22 14:56:16','120','2022-07-22 15:22:25','',135),
(2914,129,1202,'120','2022-07-22 14:56:16','120','2022-07-22 15:22:25','',135),
(2915,129,1120,'120','2022-07-22 15:22:26','120','2022-08-05 16:44:43','',135),
(2916,129,5,'120','2022-07-22 15:22:26','120','2022-08-05 16:44:43','',135),
(2917,129,1118,'120','2022-07-22 15:22:26','120','2022-08-05 16:44:43','',135),
(2918,129,1119,'120','2022-07-22 15:22:26','120','2022-08-05 16:44:43','',135),
(2919,129,1220,'120','2022-07-23 14:23:14','120','2022-08-05 16:44:43','',135),
(2920,129,1200,'120','2022-07-23 14:23:14','120','2022-08-05 16:44:43','',135),
(2921,129,1201,'120','2022-07-23 14:23:14','120','2022-08-05 16:44:43','',135),
(2922,130,1185,'120','2022-07-23 14:23:48','120','2022-08-05 16:44:34','',135),
(2923,130,1220,'120','2022-07-23 14:23:48','120','2022-08-05 16:44:34','',135),
(2924,130,1200,'120','2022-07-23 14:23:48','120','2022-08-05 16:44:34','',135),
(2925,130,1201,'120','2022-07-23 14:23:48','120','2022-08-05 16:44:34','',135),
(2926,128,1185,'120','2022-07-23 14:24:01','120','2022-08-05 16:44:57','',135),
(2927,128,1220,'120','2022-07-23 14:24:01','120','2022-08-05 16:44:57','',135),
(2928,128,1200,'120','2022-07-23 14:24:01','120','2022-08-05 16:44:57','',135),
(2929,128,1201,'120','2022-07-23 14:24:01','120','2022-08-05 16:44:57','',135),
(2930,124,1285,'1','2022-08-05 16:44:12','1','2022-08-05 16:44:12','\0',135),
(2931,130,1285,'120','2022-08-05 16:44:35','120','2022-08-05 16:44:35','\0',135),
(2932,129,1285,'120','2022-08-05 16:44:43','120','2022-08-05 16:44:43','\0',135),
(2933,128,1285,'120','2022-08-05 16:44:58','120','2022-08-05 16:44:58','\0',135),
(2934,124,1286,'1','2022-08-08 14:39:10','1','2022-08-08 14:39:10','\0',135),
(2935,124,1287,'1','2022-08-08 14:39:10','1','2022-08-08 14:39:10','\0',135),
(2936,130,1286,'120','2022-08-08 14:39:33','120','2022-08-08 14:39:33','\0',135),
(2937,130,1287,'120','2022-08-08 14:39:33','120','2022-08-08 14:39:33','\0',135),
(2938,129,1286,'120','2022-08-08 14:39:38','120','2022-08-08 14:39:38','\0',135),
(2939,129,1287,'120','2022-08-08 14:39:38','120','2022-08-08 14:39:38','\0',135),
(2940,128,1286,'120','2022-08-08 14:39:41','120','2022-08-08 14:39:41','\0',135),
(2941,128,1287,'120','2022-08-08 14:39:41','120','2022-08-08 14:39:41','\0',135),
(2942,124,1288,'1','2022-08-08 15:23:47','1','2022-08-08 15:23:47','\0',135),
(2943,130,1288,'120','2022-08-08 15:24:03','120','2022-08-08 15:24:03','\0',135),
(2944,129,1288,'120','2022-08-08 15:24:09','120','2022-08-08 15:24:09','\0',135),
(2945,128,1288,'120','2022-08-08 15:24:13','120','2022-08-08 15:24:13','\0',135),
(2946,124,1289,'1','2022-08-08 18:01:19','1','2022-08-08 18:01:19','\0',135),
(2947,130,1289,'120','2022-08-08 18:01:41','120','2022-08-08 18:01:41','\0',135),
(2948,129,1289,'120','2022-08-08 18:01:46','120','2022-08-08 18:01:46','\0',135),
(2949,128,1289,'120','2022-08-08 18:01:52','120','2022-08-08 18:01:52','\0',135),
(2950,124,1290,'1','2022-08-09 10:03:15','1','2022-08-09 10:03:15','\0',135),
(2951,130,1290,'120','2022-08-09 10:05:22','120','2022-08-09 10:05:22','\0',135),
(2952,129,1290,'120','2022-08-09 10:05:26','120','2022-08-09 10:05:26','\0',135),
(2953,128,1290,'120','2022-08-09 10:05:31','120','2022-08-09 10:05:31','\0',135),
(2954,124,1291,'1','2022-08-09 15:17:00','1','2022-08-09 15:17:00','\0',135),
(2955,130,1291,'120','2022-08-09 15:17:17','120','2022-08-09 15:17:17','\0',135),
(2956,128,1291,'120','2022-08-09 15:17:28','120','2022-08-09 15:17:28','\0',135);


/*Data for the table `system_sms_code` */

/*Data for the table `system_sms_log` */


/*Data for the table `system_social_user` */

/*Data for the table `system_social_user_bind` */

/*Data for the table `system_tenant` */

insert  into `system_tenant`(`id`,`name`,`contact_user_id`,`contact_name`,`contact_mobile`,`status`,`domain`,`package_id`,`expire_time`,`account_count`,`creator`,`create_time`,`updater`,`update_time`,`deleted`) values
(135,'HKCRC',120,'yushan','54392642',0,'https://hkcrc.hk',0,'2040-12-31 00:00:00',99999,'1','2022-07-18 00:57:05','1','2022-08-10 11:17:29','\0');

/*Data for the table `system_tenant_package` */

insert  into `system_tenant_package`(`id`,`name`,`status`,`remark`,`menu_ids`,`creator`,`create_time`,`updater`,`update_time`,`deleted`) values
(112,'å¤§å¥—é¤',0,'åŒ…å«ç³»ç»Ÿæ‰€æœ‰åŠŸèƒ½','[1024,1,1025,1026,2,1027,1028,1029,5,1030,1031,1032,1033,1034,1035,1036,1037,1038,1039,1040,1042,1043,1045,1046,1048,1050,1051,1052,1053,1054,1056,1057,1058,1059,1060,1063,1064,1065,1066,1067,1070,1071,1072,1073,1074,1075,1076,1077,1078,1082,1083,1084,1085,1086,1087,1088,1089,1090,1091,1092,1093,1094,1095,1096,1097,1098,1100,1101,1102,1103,1104,1105,1106,1107,1108,1109,1110,1111,1112,1113,1114,1115,1117,1118,1119,1120,100,101,102,1126,103,1127,104,1128,105,1129,1130,106,107,1131,108,1132,109,1133,1134,110,1135,111,1136,112,1137,113,1138,114,1139,115,1140,116,1141,1142,1143,1150,1161,1162,1163,1164,1165,1166,1173,1174,1175,1176,1177,1178,1179,1180,1181,1182,1183,1184,1185,1186,1187,1188,1189,1190,1191,1192,1193,1194,1195,1196,1197,1198,1199,1200,1201,1202,1207,1208,1209,1210,1211,1212,1213,1215,1216,1217,1218,1219,1220,1221,1222,1224,1225,1226,1227,1228,1229,1237,1238,1239,1240,1241,1242,1243,1247,1248,1249,1250,1251,1252,1255,1256,1257,1258,1259,1260,1261,1263,1264,1265,1266,1267,1268,1269,1270,1271,1272,1273,1274,1275,1276,1279,1280,1281,1282,1283,1284,1285,1286,1287,1288,1289,1290,1291,1001,1002,1003,1004,1005,1006,1007,1008,1009,1010,1011,1012,500,1013,501,1014,1015,1016,1017,1018,1019,1020,1021,1022,1023]','1','2022-07-18 00:27:51','1','2022-08-10 11:24:52','');

/*Data for the table `system_user_post` */


/*Data for the table `system_user_role` */

insert  into `system_user_role`(`id`,`user_id`,`role_id`,`creator`,`create_time`,`updater`,`update_time`,`deleted`,`tenant_id`) values
(23,120,1,'1','2022-07-18 00:57:05','1','2022-08-10 11:17:49','\0',135);

/*Data for the table `system_user_session` */

/*Data for the table `system_users` */

insert  into `system_users`(`id`,`username`,`password`,`nickname`,`remark`,`dept_id`,`post_ids`,`email`,`mobile`,`sex`,`avatar`,`status`,`login_ip`,`login_date`,`creator`,`create_time`,`updater`,`update_time`,`deleted`,`tenant_id`) values
(120,'admin','$2a$10$yc4jPAfShsDj3g5s35mUquKHF9bnltDz6U4Zpc5oGHHP9leUynMq2','yushan',NULL,NULL,NULL,'fernandozhang517@gmail.com','54392642',0,'',0,'127.0.0.1','2022-08-13 18:26:35','1','2022-07-18 00:57:05',NULL,'2022-08-13 18:26:35','\0',135);

/*!40101 SET SQL_MODE=@OLD_SQL_MODE */;
/*!40014 SET FOREIGN_KEY_CHECKS=@OLD_FOREIGN_KEY_CHECKS */;
/*!40014 SET UNIQUE_CHECKS=@OLD_UNIQUE_CHECKS */;
/*!40111 SET SQL_NOTES=@OLD_SQL_NOTES */;
